customer_id,tenure_months,monthly_charges,support_tickets,contract_type,payment_method,paperless_billing,internet_service,avg_monthly_usage_gb,late_payments,region,churn
CUST-00001,36,66.63,0,one-year,bank-transfer,yes,dsl,189.8,0,West,0
CUST-00002,21,52.52,0,month-to-month,credit-card,no,dsl,322.2,0,Ontario,0
CUST-00003,12,79.25,1,two-year,bank-transfer,no,fiber,424.1,2,Quebec,0
CUST-00004,28,70.76,1,one-year,credit-card,yes,dsl,264.9,1,Ontario,0
CUST-00005,72,64.66,0,month-to-month,credit-card,yes,fiber,378.3,0,Ontario,0
CUST-00006,24,37.51,1,two-year,bank-transfer,no,dsl,224.4,0,West,0
CUST-00007,28,76.4,1,one-year,electronic-check,yes,dsl,110.7,1,Ontario,0
CUST-00008,61,78.13,0,one-year,electronic-check,yes,fiber,441.7,0,Quebec,0
CUST-00009,36,71.88,0,month-to-month,electronic-check,no,fiber,435.6,1,West,1
CUST-00010,51,55.3,0,month-to-month,electronic-check,yes,dsl,264.7,0,Ontario,0
CUST-00011,38,50.99,1,month-to-month,electronic-check,yes,fiber,383.0,0,Quebec,1
CUST-00012,37,59.19,1,two-year,electronic-check,yes,dsl,451.2,0,West,0
CUST-00013,6,51.43,0,one-year,credit-card,yes,dsl,72.5,0,West,0
CUST-00014,11,57.55,0,two-year,electronic-check,yes,dsl,209.8,2,Ontario,1
CUST-00015,33,73.32,1,month-to-month,credit-card,yes,fiber,464.5,1,Atlantic,1
CUST-00016,13,21.53,0,month-to-month,credit-card,yes,dsl,235.7,0,West,0
CUST-00017,28,43.14,3,month-to-month,credit-card,yes,none,0.0,0,West,0
CUST-00018,10,74.98,1,month-to-month,electronic-check,yes,fiber,460.6,1,Ontario,1
CUST-00019,62,76.39,2,two-year,electronic-check,yes,fiber,392.0,2,West,0
CUST-00020,15,71.07,3,one-year,mailed-check,yes,fiber,599.2,0,West,0
CUST-00021,12,73.51,1,one-year,mailed-check,yes,fiber,386.0,1,Ontario,0
CUST-00022,8,58.81,1,month-to-month,mailed-check,yes,dsl,177.4,1,Atlantic,0
CUST-00023,46,75.88,1,two-year,credit-card,yes,fiber,383.6,0,West,0
CUST-00024,28,61.99,3,two-year,electronic-check,yes,dsl,122.0,2,Quebec,0
CUST-00025,60,75.97,1,one-year,electronic-check,no,fiber,320.9,0,West,0
CUST-00026,18,92.42,0,month-to-month,electronic-check,yes,fiber,497.1,0,Quebec,0
CUST-00027,10,65.38,1,month-to-month,credit-card,no,fiber,382.8,0,West,0
CUST-00028,27,53.06,1,month-to-month,credit-card,yes,dsl,122.2,1,West,1
CUST-00029,69,74.78,0,month-to-month,mailed-check,no,dsl,108.1,2,Ontario,0
CUST-00030,6,71.38,2,one-year,credit-card,yes,fiber,465.9,1,Ontario,0
CUST-00031,35,66.78,1,one-year,bank-transfer,no,dsl,191.8,0,Ontario,0
CUST-00032,38,74.42,0,two-year,bank-transfer,no,fiber,442.2,0,Atlantic,0
CUST-00033,72,70.61,0,month-to-month,credit-card,yes,fiber,375.3,2,Ontario,0
CUST-00034,14,83.36,1,month-to-month,credit-card,no,fiber,477.0,0,West,1
CUST-00035,5,43.44,1,month-to-month,mailed-check,yes,none,0.0,0,Quebec,1
CUST-00036,20,40.89,1,month-to-month,electronic-check,no,dsl,196.0,0,Ontario,1
CUST-00037,51,58.82,0,month-to-month,mailed-check,yes,dsl,178.1,0,West,0
CUST-00038,29,62.55,3,month-to-month,credit-card,yes,fiber,296.5,2,Quebec,0
CUST-00039,40,86.35,1,month-to-month,credit-card,no,fiber,612.4,2,Ontario,1
CUST-00040,11,75.41,1,one-year,bank-transfer,yes,dsl,238.9,1,Ontario,0
CUST-00041,23,92.68,1,month-to-month,bank-transfer,yes,fiber,455.3,1,Ontario,1
CUST-00042,30,41.75,1,two-year,credit-card,yes,none,40.7,1,Ontario,0
CUST-00043,7,52.15,1,one-year,electronic-check,yes,dsl,364.4,0,Ontario,0
CUST-00044,30,76.38,1,month-to-month,mailed-check,no,fiber,536.6,0,Quebec,0
CUST-00045,22,47.13,0,two-year,bank-transfer,no,dsl,219.6,0,Ontario,1
CUST-00046,72,62.63,1,one-year,bank-transfer,no,none,0.0,0,Ontario,0
CUST-00047,28,85.54,0,month-to-month,bank-transfer,no,fiber,393.2,0,Ontario,0
CUST-00048,72,60.2,0,month-to-month,credit-card,yes,dsl,36.7,1,Ontario,0
CUST-00049,40,48.47,0,one-year,credit-card,no,none,0.0,0,Atlantic,0
CUST-00050,25,67.84,1,month-to-month,bank-transfer,yes,fiber,496.3,2,Ontario,0
CUST-00051,71,45.37,1,month-to-month,bank-transfer,yes,dsl,243.9,1,Ontario,0
CUST-00052,10,49.76,1,month-to-month,bank-transfer,no,fiber,492.4,1,Quebec,1
CUST-00053,20,57.87,1,one-year,electronic-check,no,dsl,146.2,0,Atlantic,1
CUST-00054,53,54.81,2,one-year,credit-card,no,dsl,236.8,0,West,1
CUST-00055,2,62.45,1,one-year,credit-card,yes,dsl,260.1,0,West,0
CUST-00056,27,73.14,2,one-year,credit-card,yes,fiber,250.7,1,Atlantic,0
CUST-00057,27,61.98,1,month-to-month,credit-card,yes,dsl,215.9,1,Quebec,0
CUST-00058,34,81.52,0,one-year,bank-transfer,no,fiber,616.9,0,Atlantic,0
CUST-00059,24,57.67,1,month-to-month,electronic-check,yes,fiber,415.2,1,Ontario,1
CUST-00060,51,82.12,0,month-to-month,mailed-check,yes,fiber,225.6,1,West,1
CUST-00061,15,52.73,2,one-year,electronic-check,yes,dsl,120.9,0,West,0
CUST-00062,56,78.43,1,month-to-month,bank-transfer,yes,fiber,285.8,0,Atlantic,1
CUST-00063,11,83.73,1,one-year,credit-card,yes,fiber,386.1,0,Quebec,0
CUST-00064,36,67.81,0,one-year,bank-transfer,yes,dsl,86.0,1,West,1
CUST-00065,66,74.36,1,one-year,bank-transfer,yes,fiber,519.1,0,Ontario,0
CUST-00066,13,74.87,0,month-to-month,electronic-check,yes,fiber,506.2,0,Quebec,1
CUST-00067,17,82.37,0,month-to-month,bank-transfer,no,fiber,469.2,1,Ontario,0
CUST-00068,58,57.24,1,month-to-month,credit-card,yes,fiber,544.2,0,Quebec,0
CUST-00069,32,47.01,2,month-to-month,credit-card,no,dsl,141.9,1,West,0
CUST-00070,5,70.07,3,month-to-month,credit-card,yes,fiber,446.3,1,Ontario,0
CUST-00071,33,59.01,1,month-to-month,mailed-check,yes,fiber,626.5,1,Ontario,1
CUST-00072,45,35.15,1,month-to-month,credit-card,yes,none,61.7,0,Ontario,0
CUST-00073,59,53.57,0,two-year,credit-card,yes,dsl,239.5,0,West,0
CUST-00074,35,57.91,1,month-to-month,credit-card,yes,dsl,124.8,1,West,0
CUST-00075,41,56.4,1,month-to-month,electronic-check,yes,dsl,154.6,0,West,1
CUST-00076,72,68.23,1,month-to-month,bank-transfer,yes,dsl,104.7,1,Ontario,0
CUST-00077,54,79.02,1,month-to-month,electronic-check,no,fiber,582.9,0,West,0
CUST-00078,23,56.25,2,one-year,bank-transfer,yes,dsl,57.6,0,West,0
CUST-00079,25,53.5,1,month-to-month,credit-card,yes,dsl,267.7,1,Ontario,1
CUST-00080,64,72.5,0,one-year,electronic-check,no,fiber,489.4,0,Ontario,0
CUST-00081,35,72.69,2,one-year,credit-card,yes,fiber,303.7,2,Quebec,0
CUST-00082,31,99.45,2,month-to-month,credit-card,yes,fiber,537.1,1,Ontario,0
CUST-00083,22,41.7,1,two-year,bank-transfer,yes,dsl,168.0,0,Ontario,0
CUST-00084,62,47.27,2,month-to-month,credit-card,yes,dsl,77.7,0,Ontario,0
CUST-00085,14,45.73,1,month-to-month,credit-card,yes,dsl,221.0,1,Ontario,1
CUST-00086,20,75.83,0,month-to-month,electronic-check,no,fiber,370.1,0,Ontario,1
CUST-00087,62,75.41,0,one-year,bank-transfer,yes,fiber,422.6,0,Ontario,0
CUST-00088,61,66.98,0,month-to-month,credit-card,yes,fiber,397.0,0,West,0
CUST-00089,72,66.41,0,month-to-month,bank-transfer,no,dsl,115.3,2,Quebec,0
CUST-00090,27,41.88,2,month-to-month,electronic-check,yes,none,0.0,3,Quebec,1
CUST-00091,23,66.85,1,month-to-month,credit-card,no,dsl,257.7,0,West,1
CUST-00092,24,50.64,2,one-year,credit-card,no,none,39.6,1,Quebec,0
CUST-00093,6,34.62,0,month-to-month,electronic-check,yes,dsl,212.2,0,Ontario,0
CUST-00094,3,45.2,1,month-to-month,electronic-check,yes,none,0.0,0,Ontario,0
CUST-00095,35,59.45,0,month-to-month,mailed-check,yes,fiber,444.4,0,Ontario,0
CUST-00096,21,75.62,2,one-year,bank-transfer,yes,fiber,377.4,1,Quebec,1
CUST-00097,15,72.23,2,month-to-month,credit-card,yes,fiber,376.0,0,Quebec,0
CUST-00098,31,72.68,2,month-to-month,bank-transfer,yes,fiber,585.4,2,Ontario,1
CUST-00099,36,60.35,0,month-to-month,electronic-check,yes,fiber,515.2,0,Quebec,0
CUST-00100,26,83.82,0,two-year,credit-card,yes,fiber,392.3,0,Atlantic,0
CUST-00101,26,24.45,2,two-year,bank-transfer,no,none,0.0,1,Ontario,1
CUST-00102,21,80.88,1,one-year,credit-card,yes,fiber,295.4,1,Quebec,0
CUST-00103,48,22.97,2,month-to-month,electronic-check,yes,none,0.0,1,Quebec,1
CUST-00104,18,56.81,0,two-year,electronic-check,yes,dsl,199.2,0,West,0
CUST-00105,12,75.95,0,one-year,bank-transfer,yes,dsl,200.1,0,West,0
CUST-00106,20,81.8,2,one-year,mailed-check,yes,dsl,202.6,0,West,0
CUST-00107,34,56.0,1,month-to-month,mailed-check,yes,fiber,468.4,2,Ontario,0
CUST-00108,50,49.6,2,month-to-month,credit-card,yes,dsl,101.7,1,Quebec,0
CUST-00109,72,67.51,1,month-to-month,bank-transfer,yes,fiber,568.2,1,West,0
CUST-00110,31,61.68,0,two-year,electronic-check,yes,none,0.0,0,Ontario,0
CUST-00111,72,72.28,0,month-to-month,credit-card,yes,fiber,465.1,0,Atlantic,0
CUST-00112,17,84.28,1,month-to-month,bank-transfer,yes,fiber,384.2,0,Ontario,1
CUST-00113,15,60.15,1,month-to-month,credit-card,no,dsl,216.5,1,Quebec,0
CUST-00114,40,44.41,2,one-year,mailed-check,yes,dsl,366.5,0,Quebec,0
CUST-00115,44,53.47,1,month-to-month,bank-transfer,yes,fiber,355.9,1,Quebec,1
CUST-00116,33,50.56,0,two-year,electronic-check,no,dsl,95.2,0,West,0
CUST-00117,72,97.33,1,one-year,bank-transfer,yes,fiber,366.5,1,Ontario,0
CUST-00118,18,59.7,2,one-year,credit-card,yes,dsl,161.7,1,Quebec,0
CUST-00119,70,84.07,1,month-to-month,electronic-check,yes,fiber,395.7,0,Quebec,0
CUST-00120,15,58.11,1,one-year,credit-card,yes,fiber,351.5,0,West,0
CUST-00121,47,69.59,1,one-year,credit-card,yes,fiber,435.8,0,Quebec,0
CUST-00122,30,81.18,3,one-year,bank-transfer,yes,fiber,572.7,1,Atlantic,0
CUST-00123,35,61.54,2,month-to-month,electronic-check,no,fiber,427.3,1,West,0
CUST-00124,40,72.33,2,month-to-month,bank-transfer,yes,fiber,431.8,1,Ontario,0
CUST-00125,31,63.76,0,month-to-month,credit-card,yes,fiber,469.2,1,West,0
CUST-00126,26,81.68,1,month-to-month,credit-card,no,fiber,495.1,1,Atlantic,0
CUST-00127,5,61.18,0,month-to-month,credit-card,yes,dsl,306.7,0,Ontario,1
CUST-00128,55,80.18,1,month-to-month,credit-card,no,fiber,460.4,0,Quebec,0
CUST-00129,9,66.15,0,month-to-month,bank-transfer,no,dsl,189.8,3,Ontario,0
CUST-00130,21,35.61,2,one-year,credit-card,no,none,0.0,1,West,0
CUST-00131,37,83.53,1,month-to-month,credit-card,yes,fiber,502.9,1,Ontario,1
CUST-00132,11,50.81,1,two-year,electronic-check,yes,dsl,118.2,2,West,0
CUST-00133,26,79.57,0,one-year,electronic-check,no,fiber,365.6,1,Ontario,0
CUST-00134,51,52.3,5,month-to-month,credit-card,yes,fiber,456.4,0,Quebec,1
CUST-00135,21,49.16,0,one-year,bank-transfer,yes,dsl,321.0,0,Ontario,0
CUST-00136,27,81.32,2,month-to-month,credit-card,yes,dsl,251.7,0,West,0
CUST-00137,13,63.42,1,two-year,mailed-check,yes,dsl,186.8,0,Quebec,0
CUST-00138,23,79.42,2,month-to-month,credit-card,no,fiber,356.6,1,Quebec,1
CUST-00139,9,48.35,0,one-year,credit-card,no,dsl,319.4,0,Ontario,0
CUST-00140,34,61.51,0,month-to-month,bank-transfer,yes,fiber,435.2,2,Ontario,0
CUST-00141,7,70.22,2,month-to-month,credit-card,yes,fiber,415.3,0,Quebec,1
CUST-00142,17,72.3,3,month-to-month,credit-card,yes,fiber,487.2,1,Atlantic,0
CUST-00143,30,58.1,0,two-year,credit-card,yes,none,0.0,0,Ontario,0
CUST-00144,25,83.7,3,one-year,electronic-check,yes,fiber,376.0,4,West,1
CUST-00145,38,58.14,1,month-to-month,electronic-check,no,dsl,134.1,2,Ontario,0
CUST-00146,27,57.69,1,month-to-month,electronic-check,yes,dsl,133.9,0,West,1
CUST-00147,5,64.96,1,month-to-month,electronic-check,no,dsl,94.2,0,Ontario,0
CUST-00148,11,43.15,1,month-to-month,bank-transfer,yes,dsl,84.7,1,Quebec,0
CUST-00149,29,36.83,1,month-to-month,mailed-check,yes,dsl,272.6,1,Ontario,1
CUST-00150,61,80.81,0,month-to-month,electronic-check,no,fiber,496.9,1,Ontario,0
CUST-00151,53,73.76,1,two-year,electronic-check,yes,fiber,370.1,1,Ontario,0
CUST-00152,72,43.22,1,two-year,electronic-check,yes,dsl,265.5,1,Ontario,0
CUST-00153,19,51.0,1,month-to-month,bank-transfer,yes,fiber,466.3,0,Quebec,0
CUST-00154,50,82.39,3,month-to-month,credit-card,yes,fiber,412.5,0,Atlantic,1
CUST-00155,48,67.52,2,month-to-month,bank-transfer,yes,fiber,335.8,1,Quebec,0
CUST-00156,72,77.2,3,one-year,credit-card,no,fiber,469.0,1,Atlantic,0
CUST-00157,67,70.23,2,month-to-month,bank-transfer,yes,fiber,598.6,1,Quebec,0
CUST-00158,36,72.64,2,one-year,credit-card,yes,fiber,441.2,0,Ontario,0
CUST-00159,44,31.78,1,one-year,credit-card,yes,none,96.9,1,Ontario,0
CUST-00160,39,72.2,3,one-year,mailed-check,no,fiber,422.0,0,Ontario,0
CUST-00161,28,44.06,1,month-to-month,electronic-check,yes,none,90.4,1,Ontario,0
CUST-00162,42,35.1,1,two-year,bank-transfer,no,none,0.0,1,West,0
CUST-00163,33,69.51,1,month-to-month,bank-transfer,yes,fiber,235.5,0,West,0
CUST-00164,32,63.38,0,month-to-month,bank-transfer,no,dsl,128.7,0,Quebec,0
CUST-00165,72,64.08,0,month-to-month,mailed-check,no,dsl,201.2,0,Quebec,0
CUST-00166,36,45.06,1,month-to-month,electronic-check,no,dsl,282.0,0,Ontario,0
CUST-00167,31,72.7,2,two-year,electronic-check,no,fiber,427.0,0,Quebec,0
CUST-00168,26,67.5,1,one-year,bank-transfer,yes,fiber,442.5,1,Ontario,0
CUST-00169,24,73.14,0,month-to-month,bank-transfer,yes,fiber,390.1,2,Ontario,1
CUST-00170,10,72.06,0,two-year,electronic-check,yes,dsl,322.7,1,Ontario,0
CUST-00171,28,41.77,2,month-to-month,mailed-check,yes,none,139.6,0,Ontario,0
CUST-00172,63,79.72,3,month-to-month,bank-transfer,yes,dsl,132.5,1,West,0
CUST-00173,19,59.31,2,month-to-month,bank-transfer,no,dsl,61.1,0,Ontario,0
CUST-00174,72,36.25,1,two-year,bank-transfer,yes,none,0.0,2,Ontario,0
CUST-00175,2,56.79,2,month-to-month,bank-transfer,no,dsl,241.3,2,West,1
CUST-00176,41,74.5,0,month-to-month,mailed-check,no,fiber,451.5,0,Atlantic,0
CUST-00177,34,60.39,3,month-to-month,electronic-check,yes,dsl,123.5,1,Quebec,0
CUST-00178,72,62.58,0,two-year,bank-transfer,yes,fiber,463.1,0,Quebec,0
CUST-00179,17,70.55,0,two-year,bank-transfer,yes,fiber,335.4,0,West,0
CUST-00180,9,65.39,1,one-year,bank-transfer,yes,fiber,507.6,0,Ontario,0
CUST-00181,25,48.81,1,two-year,credit-card,yes,none,0.0,0,Quebec,0
CUST-00182,22,52.78,0,two-year,bank-transfer,yes,fiber,348.1,0,Ontario,0
CUST-00183,6,74.65,2,month-to-month,electronic-check,yes,fiber,408.8,0,Ontario,0
CUST-00184,31,57.06,0,month-to-month,electronic-check,yes,fiber,405.9,1,Atlantic,0
CUST-00185,20,77.54,2,one-year,credit-card,yes,fiber,471.0,0,West,0
CUST-00186,72,68.81,1,one-year,electronic-check,yes,fiber,539.1,1,Atlantic,0
CUST-00187,32,37.92,2,month-to-month,electronic-check,yes,dsl,284.7,1,West,0
CUST-00188,15,66.89,1,month-to-month,credit-card,yes,dsl,203.6,1,Quebec,0
CUST-00189,29,46.58,1,one-year,electronic-check,no,fiber,424.1,0,West,0
CUST-00190,34,72.67,0,month-to-month,electronic-check,yes,fiber,391.7,1,West,0
CUST-00191,44,80.26,1,two-year,electronic-check,yes,fiber,289.7,0,Quebec,0
CUST-00192,30,87.46,2,month-to-month,credit-card,no,fiber,438.4,0,Ontario,1
CUST-00193,72,40.09,0,month-to-month,credit-card,yes,dsl,117.7,1,Quebec,0
CUST-00194,10,51.58,0,two-year,bank-transfer,yes,dsl,293.6,2,Ontario,0
CUST-00195,20,68.38,0,month-to-month,credit-card,no,dsl,172.9,2,Quebec,0
CUST-00196,15,85.09,0,month-to-month,bank-transfer,no,fiber,503.5,0,Ontario,1
CUST-00197,22,70.45,1,one-year,electronic-check,yes,dsl,149.0,0,Quebec,1
CUST-00198,37,99.9,1,two-year,credit-card,yes,fiber,382.6,1,Ontario,0
CUST-00199,35,67.66,0,month-to-month,bank-transfer,no,fiber,491.4,0,Ontario,0
CUST-00200,43,41.91,0,month-to-month,mailed-check,yes,none,35.6,2,Quebec,0
CUST-00201,31,53.37,0,one-year,bank-transfer,yes,dsl,217.4,1,Ontario,0
CUST-00202,33,20.0,0,two-year,bank-transfer,no,none,4.0,0,Atlantic,0
CUST-00203,32,37.05,0,month-to-month,bank-transfer,no,none,79.1,1,Quebec,0
CUST-00204,21,36.06,2,month-to-month,credit-card,yes,dsl,244.8,0,Ontario,0
CUST-00205,19,32.53,0,month-to-month,credit-card,yes,none,0.0,1,Ontario,0
CUST-00206,15,57.58,2,month-to-month,electronic-check,yes,fiber,418.1,1,West,1
CUST-00207,45,77.61,4,month-to-month,bank-transfer,no,fiber,526.3,0,Quebec,0
CUST-00208,3,64.83,1,one-year,credit-card,no,fiber,353.3,0,Ontario,0
CUST-00209,32,54.26,2,month-to-month,credit-card,no,fiber,296.1,2,Ontario,0
CUST-00210,51,82.09,0,month-to-month,electronic-check,yes,fiber,428.2,0,West,1
CUST-00211,60,66.66,1,one-year,credit-card,no,fiber,484.3,0,Atlantic,0
CUST-00212,2,52.46,1,one-year,electronic-check,yes,dsl,150.9,0,Ontario,0
CUST-00213,21,46.73,1,month-to-month,bank-transfer,yes,dsl,299.9,0,Ontario,0
CUST-00214,16,69.07,1,one-year,bank-transfer,no,dsl,346.7,1,Ontario,1
CUST-00215,20,75.84,1,one-year,credit-card,yes,fiber,276.4,3,Ontario,0
CUST-00216,68,50.56,0,one-year,credit-card,yes,dsl,157.4,0,West,0
CUST-00217,16,52.9,0,month-to-month,bank-transfer,yes,fiber,246.0,1,Atlantic,0
CUST-00218,51,99.36,1,month-to-month,electronic-check,no,fiber,496.2,0,Atlantic,0
CUST-00219,33,93.78,2,two-year,credit-card,yes,fiber,382.2,2,West,0
CUST-00220,19,88.15,4,month-to-month,bank-transfer,yes,fiber,399.6,0,Ontario,1
CUST-00221,18,65.62,1,month-to-month,bank-transfer,yes,fiber,537.6,0,Atlantic,0
CUST-00222,35,51.74,0,month-to-month,credit-card,no,dsl,77.1,1,Ontario,0
CUST-00223,28,61.21,1,one-year,bank-transfer,no,dsl,55.7,0,Ontario,0
CUST-00224,5,47.61,1,two-year,credit-card,yes,dsl,0.0,1,West,0
CUST-00225,13,62.61,1,month-to-month,bank-transfer,no,fiber,548.0,0,Ontario,0
CUST-00226,36,72.31,0,two-year,credit-card,yes,dsl,278.2,0,West,0
CUST-00227,10,56.42,0,month-to-month,bank-transfer,yes,dsl,165.0,2,Atlantic,1
CUST-00228,55,61.24,3,month-to-month,credit-card,yes,fiber,331.6,1,West,1
CUST-00229,7,67.0,3,one-year,bank-transfer,yes,dsl,260.9,1,West,0
CUST-00230,24,66.97,1,month-to-month,bank-transfer,yes,fiber,674.1,2,Ontario,0
CUST-00231,46,52.22,1,month-to-month,mailed-check,yes,fiber,420.0,0,Ontario,0
CUST-00232,12,61.08,2,month-to-month,bank-transfer,yes,fiber,337.8,1,West,1
CUST-00233,9,51.58,1,two-year,electronic-check,no,dsl,295.5,1,Quebec,0
CUST-00234,40,75.31,2,one-year,credit-card,yes,fiber,343.7,0,West,0
CUST-00235,52,74.8,2,two-year,bank-transfer,no,fiber,408.8,1,Ontario,0
CUST-00236,25,85.89,2,one-year,credit-card,no,fiber,215.7,1,Ontario,0
CUST-00237,21,35.51,1,month-to-month,bank-transfer,yes,none,0.0,0,Ontario,0
CUST-00238,7,68.11,4,one-year,electronic-check,no,fiber,331.3,0,West,0
CUST-00239,31,86.07,2,month-to-month,electronic-check,yes,fiber,547.0,0,West,1
CUST-00240,4,83.28,0,month-to-month,bank-transfer,yes,fiber,357.0,1,Atlantic,1
CUST-00241,69,54.76,2,two-year,electronic-check,no,dsl,256.3,0,Ontario,0
CUST-00242,26,60.07,0,one-year,credit-card,yes,dsl,181.1,1,Quebec,0
CUST-00243,13,33.01,1,month-to-month,credit-card,yes,none,22.7,0,Ontario,1
CUST-00244,17,60.8,1,month-to-month,electronic-check,no,fiber,484.4,2,Ontario,0
CUST-00245,32,96.07,1,one-year,credit-card,no,fiber,435.5,1,Ontario,0
CUST-00246,20,51.31,1,two-year,credit-card,yes,dsl,134.9,0,Quebec,0
CUST-00247,28,76.1,1,one-year,mailed-check,yes,fiber,371.0,0,Quebec,0
CUST-00248,11,41.09,2,month-to-month,mailed-check,no,dsl,233.3,1,Ontario,0
CUST-00249,61,64.73,0,month-to-month,electronic-check,no,dsl,28.4,1,Quebec,0
CUST-00250,18,60.34,1,month-to-month,bank-transfer,yes,fiber,582.6,0,West,0
CUST-00251,3,55.62,0,one-year,electronic-check,no,none,23.2,2,Ontario,1
CUST-00252,21,75.87,3,two-year,credit-card,yes,dsl,161.3,0,Ontario,0
CUST-00253,16,78.94,0,month-to-month,bank-transfer,yes,fiber,462.6,1,West,1
CUST-00254,58,74.21,2,month-to-month,bank-transfer,no,fiber,389.5,0,West,0
CUST-00255,13,71.03,1,month-to-month,mailed-check,yes,fiber,424.9,0,West,0
CUST-00256,20,56.5,0,one-year,mailed-check,yes,dsl,93.8,1,Ontario,0
CUST-00257,33,77.3,0,two-year,electronic-check,yes,fiber,471.9,0,Quebec,0
CUST-00258,43,73.94,4,month-to-month,credit-card,yes,fiber,433.3,0,West,1
CUST-00259,72,67.31,2,month-to-month,bank-transfer,yes,dsl,205.9,0,Ontario,0
CUST-00260,14,63.36,2,one-year,credit-card,yes,fiber,566.1,1,Quebec,0
CUST-00261,67,89.04,0,month-to-month,mailed-check,yes,fiber,371.6,1,Atlantic,0
CUST-00262,57,52.56,3,two-year,credit-card,yes,dsl,179.0,0,Ontario,0
CUST-00263,15,65.17,0,month-to-month,credit-card,yes,fiber,299.6,1,West,1
CUST-00264,14,76.81,1,month-to-month,electronic-check,yes,fiber,486.8,0,West,0
CUST-00265,38,77.48,0,two-year,bank-transfer,no,fiber,438.5,0,Ontario,0
CUST-00266,28,54.76,1,month-to-month,electronic-check,yes,fiber,441.5,1,West,0
CUST-00267,38,67.95,2,month-to-month,credit-card,yes,fiber,426.6,1,Quebec,0
CUST-00268,22,34.19,2,month-to-month,electronic-check,no,dsl,140.9,0,West,1
CUST-00269,30,30.91,0,month-to-month,credit-card,no,none,224.2,1,West,0
CUST-00270,26,66.36,1,month-to-month,credit-card,no,fiber,443.2,0,West,0
CUST-00271,38,41.12,2,month-to-month,bank-transfer,no,none,37.2,0,Ontario,0
CUST-00272,13,48.73,0,month-to-month,credit-card,no,dsl,93.1,0,West,0
CUST-00273,32,51.21,1,month-to-month,bank-transfer,no,dsl,265.2,0,Atlantic,0
CUST-00274,71,70.69,0,one-year,credit-card,yes,dsl,179.5,0,Quebec,0
CUST-00275,68,78.67,0,one-year,credit-card,yes,dsl,227.9,2,Quebec,0
CUST-00276,35,47.33,0,month-to-month,electronic-check,yes,dsl,266.7,0,Ontario,0
CUST-00277,13,83.7,1,month-to-month,credit-card,no,fiber,431.2,0,West,1
CUST-00278,72,61.07,1,month-to-month,electronic-check,yes,dsl,132.5,1,Ontario,0
CUST-00279,38,54.74,1,two-year,electronic-check,no,fiber,242.1,0,Ontario,0
CUST-00280,72,64.69,0,two-year,credit-card,yes,fiber,407.1,0,Atlantic,0
CUST-00281,39,25.21,3,month-to-month,electronic-check,no,dsl,132.0,0,Atlantic,0
CUST-00282,2,76.4,1,month-to-month,credit-card,yes,fiber,342.8,0,Atlantic,1
CUST-00283,72,61.69,2,month-to-month,bank-transfer,yes,fiber,563.5,3,Quebec,0
CUST-00284,51,74.41,0,month-to-month,credit-card,yes,fiber,523.5,0,Ontario,0
CUST-00285,29,99.99,0,one-year,electronic-check,yes,fiber,284.5,1,Quebec,1
CUST-00286,5,73.73,0,month-to-month,bank-transfer,no,dsl,203.1,1,Ontario,1
CUST-00287,55,48.95,1,month-to-month,bank-transfer,yes,dsl,120.5,0,West,0
CUST-00288,39,62.41,1,month-to-month,mailed-check,yes,fiber,471.2,0,Quebec,0
CUST-00289,72,86.58,0,month-to-month,bank-transfer,yes,fiber,372.0,0,Ontario,0
CUST-00290,72,62.45,0,month-to-month,mailed-check,yes,fiber,394.2,1,Ontario,0
CUST-00291,72,83.41,0,two-year,electronic-check,yes,fiber,521.9,0,Ontario,0
CUST-00292,34,85.73,1,month-to-month,mailed-check,yes,dsl,259.6,0,West,0
CUST-00293,33,64.09,4,two-year,mailed-check,yes,dsl,318.3,4,West,0
CUST-00294,39,85.43,1,month-to-month,mailed-check,no,fiber,421.6,0,Ontario,1
CUST-00295,17,84.21,1,two-year,credit-card,yes,fiber,316.3,0,Ontario,0
CUST-00296,30,32.15,2,two-year,electronic-check,yes,none,90.3,0,Ontario,0
CUST-00297,26,60.05,0,two-year,electronic-check,yes,dsl,268.8,1,Ontario,0
CUST-00298,66,62.96,0,one-year,electronic-check,yes,fiber,493.4,1,Atlantic,0
CUST-00299,72,86.54,0,one-year,credit-card,yes,fiber,376.8,1,West,0
CUST-00300,47,61.61,1,one-year,mailed-check,yes,fiber,349.0,1,Ontario,0
CUST-00301,14,45.36,2,one-year,credit-card,no,none,57.6,2,West,0
CUST-00302,72,84.88,3,month-to-month,bank-transfer,yes,fiber,364.7,0,Ontario,0
CUST-00303,55,67.84,1,month-to-month,bank-transfer,no,fiber,413.8,0,Ontario,0
CUST-00304,37,30.43,3,month-to-month,credit-card,no,none,259.1,1,Quebec,0
CUST-00305,44,55.22,2,two-year,electronic-check,yes,dsl,371.0,1,Ontario,1
CUST-00306,8,63.63,2,month-to-month,credit-card,yes,fiber,507.4,0,Quebec,1
CUST-00307,26,74.64,0,month-to-month,electronic-check,no,fiber,383.7,0,West,1
CUST-00308,69,63.37,2,one-year,electronic-check,yes,fiber,378.6,1,Atlantic,0
CUST-00309,8,48.13,1,month-to-month,bank-transfer,no,dsl,250.8,0,Ontario,0
CUST-00310,8,78.74,3,month-to-month,electronic-check,yes,fiber,567.2,0,West,0
CUST-00311,55,44.48,0,month-to-month,credit-card,yes,none,0.0,0,Ontario,0
CUST-00312,42,34.92,1,month-to-month,electronic-check,no,none,0.0,0,Quebec,0
CUST-00313,8,39.71,1,month-to-month,mailed-check,no,dsl,197.5,1,Ontario,0
CUST-00314,24,69.29,2,month-to-month,credit-card,yes,dsl,71.9,0,Quebec,0
CUST-00315,37,68.29,1,month-to-month,electronic-check,yes,fiber,324.5,0,Ontario,0
CUST-00316,34,94.65,0,month-to-month,bank-transfer,yes,fiber,340.0,0,Atlantic,0
CUST-00317,39,55.61,4,month-to-month,bank-transfer,yes,dsl,236.4,3,West,0
CUST-00318,22,74.43,0,one-year,electronic-check,no,fiber,463.1,0,Ontario,0
CUST-00319,35,68.47,1,month-to-month,bank-transfer,yes,fiber,536.6,1,West,0
CUST-00320,47,75.56,2,two-year,electronic-check,yes,fiber,292.3,1,Ontario,0
CUST-00321,44,109.5,2,two-year,credit-card,yes,fiber,311.1,0,West,0
CUST-00322,23,69.34,2,month-to-month,bank-transfer,no,fiber,478.7,0,Ontario,0
CUST-00323,50,70.4,3,month-to-month,electronic-check,yes,dsl,115.9,0,Ontario,0
CUST-00324,13,57.95,0,month-to-month,credit-card,yes,dsl,122.0,0,West,1
CUST-00325,17,69.32,1,two-year,bank-transfer,no,dsl,276.1,0,Quebec,0
CUST-00326,55,36.72,0,one-year,credit-card,no,dsl,143.0,1,Quebec,0
CUST-00327,49,93.42,1,one-year,electronic-check,yes,fiber,402.9,1,Quebec,0
CUST-00328,25,60.58,2,month-to-month,bank-transfer,yes,dsl,168.7,0,Ontario,0
CUST-00329,17,70.19,1,one-year,bank-transfer,no,fiber,423.9,0,Ontario,0
CUST-00330,19,82.48,0,month-to-month,credit-card,yes,fiber,498.2,0,Quebec,0
CUST-00331,45,39.51,1,one-year,bank-transfer,yes,none,0.0,0,Quebec,0
CUST-00332,39,60.95,1,month-to-month,mailed-check,yes,fiber,424.0,0,Ontario,0
CUST-00333,16,47.56,1,one-year,bank-transfer,no,fiber,538.8,0,Ontario,0
CUST-00334,49,92.17,1,two-year,bank-transfer,no,fiber,621.3,0,Quebec,0
CUST-00335,24,70.66,1,month-to-month,electronic-check,yes,fiber,324.7,2,West,0
CUST-00336,13,66.56,2,one-year,bank-transfer,yes,fiber,468.1,2,West,0
CUST-00337,21,51.38,2,month-to-month,bank-transfer,no,dsl,173.8,0,Quebec,0
CUST-00338,32,72.38,2,one-year,bank-transfer,yes,dsl,181.6,0,Quebec,0
CUST-00339,48,67.85,4,month-to-month,credit-card,no,fiber,372.9,0,Quebec,0
CUST-00340,45,63.77,0,two-year,electronic-check,yes,dsl,254.2,2,Ontario,0
CUST-00341,27,69.49,2,month-to-month,electronic-check,yes,fiber,499.9,0,Ontario,0
CUST-00342,34,43.82,0,two-year,mailed-check,yes,dsl,404.4,1,Ontario,0
CUST-00343,26,82.46,0,one-year,mailed-check,yes,fiber,327.7,0,West,0
CUST-00344,16,84.58,0,one-year,bank-transfer,yes,fiber,291.4,0,Ontario,0
CUST-00345,28,65.87,1,one-year,credit-card,no,fiber,614.7,2,Quebec,0
CUST-00346,5,56.6,2,one-year,electronic-check,yes,dsl,185.6,1,Quebec,1
CUST-00347,72,58.02,1,two-year,mailed-check,yes,dsl,151.2,0,Ontario,0
CUST-00348,34,61.67,1,month-to-month,electronic-check,yes,dsl,206.0,2,West,1
CUST-00349,41,77.7,0,one-year,bank-transfer,yes,dsl,71.4,0,West,0
CUST-00350,17,69.6,2,month-to-month,electronic-check,yes,fiber,471.9,1,Ontario,0
CUST-00351,34,69.53,1,one-year,electronic-check,yes,fiber,433.2,0,West,0
CUST-00352,38,71.16,0,month-to-month,mailed-check,yes,fiber,531.3,0,Quebec,0
CUST-00353,25,63.11,0,one-year,electronic-check,no,fiber,512.8,0,Ontario,0
CUST-00354,26,54.92,3,one-year,bank-transfer,yes,fiber,519.9,1,West,0
CUST-00355,9,74.4,2,month-to-month,credit-card,yes,fiber,456.2,0,West,1
CUST-00356,72,78.54,3,month-to-month,bank-transfer,yes,fiber,576.4,0,Ontario,0
CUST-00357,17,57.03,1,one-year,bank-transfer,yes,dsl,239.0,1,Atlantic,1
CUST-00358,19,72.34,2,one-year,mailed-check,yes,fiber,394.7,0,West,1
CUST-00359,72,47.56,0,month-to-month,bank-transfer,yes,dsl,121.2,0,Quebec,0
CUST-00360,42,59.65,1,one-year,bank-transfer,yes,dsl,130.8,2,Ontario,0
CUST-00361,48,74.78,2,two-year,bank-transfer,yes,fiber,490.1,2,Ontario,0
CUST-00362,9,77.99,3,month-to-month,electronic-check,yes,fiber,326.8,1,Quebec,1
CUST-00363,33,60.4,1,month-to-month,bank-transfer,yes,dsl,203.2,1,Quebec,0
CUST-00364,9,61.14,2,month-to-month,credit-card,yes,dsl,119.2,0,Quebec,0
CUST-00365,15,86.85,0,one-year,electronic-check,yes,fiber,333.5,2,West,0
CUST-00366,72,79.01,1,month-to-month,bank-transfer,yes,fiber,347.2,2,Ontario,0
CUST-00367,12,62.05,0,one-year,bank-transfer,yes,dsl,188.0,1,West,0
CUST-00368,46,38.7,0,one-year,credit-card,no,dsl,254.9,0,West,0
CUST-00369,13,84.06,1,month-to-month,bank-transfer,no,fiber,382.5,0,West,1
CUST-00370,15,69.87,3,two-year,electronic-check,yes,fiber,263.5,3,West,0
CUST-00371,72,57.83,1,one-year,mailed-check,no,dsl,458.1,4,West,0
CUST-00372,27,59.63,1,month-to-month,credit-card,yes,fiber,535.0,0,Ontario,1
CUST-00373,8,78.94,0,month-to-month,mailed-check,yes,dsl,269.2,0,West,0
CUST-00374,48,47.02,0,month-to-month,electronic-check,no,fiber,578.4,0,Atlantic,0
CUST-00375,66,88.63,1,month-to-month,credit-card,no,fiber,447.9,0,Quebec,0
CUST-00376,51,77.46,0,month-to-month,credit-card,yes,fiber,428.5,1,Ontario,0
CUST-00377,26,52.99,1,two-year,credit-card,yes,fiber,555.2,0,Atlantic,0
CUST-00378,26,59.38,1,month-to-month,electronic-check,no,none,126.7,0,Ontario,1
CUST-00379,19,78.39,1,month-to-month,credit-card,yes,fiber,492.3,2,Ontario,0
CUST-00380,11,20.0,0,one-year,bank-transfer,yes,none,87.0,3,Ontario,0
CUST-00381,37,68.56,2,month-to-month,electronic-check,yes,fiber,334.7,2,Quebec,0
CUST-00382,25,62.61,1,two-year,electronic-check,no,dsl,168.1,1,Ontario,0
CUST-00383,9,55.99,0,one-year,electronic-check,yes,none,156.8,0,Quebec,0
CUST-00384,28,52.7,1,month-to-month,electronic-check,yes,dsl,258.4,3,Atlantic,0
CUST-00385,17,45.21,2,month-to-month,credit-card,yes,fiber,315.7,1,Quebec,0
CUST-00386,36,72.32,2,two-year,electronic-check,yes,dsl,144.9,1,Quebec,0
CUST-00387,33,62.23,2,one-year,credit-card,yes,dsl,321.0,0,West,1
CUST-00388,22,20.0,2,two-year,credit-card,yes,none,50.7,0,West,0
CUST-00389,29,76.6,3,month-to-month,mailed-check,no,fiber,455.5,1,Ontario,1
CUST-00390,31,77.71,0,two-year,credit-card,no,fiber,458.0,1,Ontario,0
CUST-00391,55,69.59,1,one-year,credit-card,yes,fiber,432.9,1,Quebec,0
CUST-00392,28,48.31,2,month-to-month,electronic-check,no,dsl,145.4,1,West,1
CUST-00393,20,31.6,0,one-year,credit-card,yes,none,0.0,1,Quebec,0
CUST-00394,24,69.58,1,one-year,credit-card,yes,fiber,525.9,0,Ontario,0
CUST-00395,72,60.72,0,month-to-month,electronic-check,yes,dsl,210.2,0,West,1
CUST-00396,14,46.28,0,month-to-month,electronic-check,yes,none,72.1,0,West,0
CUST-00397,25,50.45,0,two-year,electronic-check,yes,fiber,486.5,0,Quebec,0
CUST-00398,25,75.69,2,month-to-month,credit-card,yes,fiber,559.7,0,West,0
CUST-00399,26,62.12,2,month-to-month,bank-transfer,yes,dsl,228.6,1,West,1
CUST-00400,11,58.78,0,month-to-month,electronic-check,yes,dsl,260.0,1,West,1
CUST-00401,24,68.75,0,month-to-month,credit-card,yes,fiber,454.2,0,West,0
CUST-00402,19,71.91,0,two-year,credit-card,yes,dsl,109.5,2,West,0
CUST-00403,36,71.12,3,one-year,credit-card,no,dsl,170.8,3,Quebec,0
CUST-00404,60,53.15,3,month-to-month,bank-transfer,yes,dsl,240.1,0,Quebec,0
CUST-00405,38,56.13,0,two-year,credit-card,no,dsl,247.6,0,West,0
CUST-00406,32,65.1,2,two-year,electronic-check,no,dsl,313.3,1,Quebec,0
CUST-00407,40,70.47,0,month-to-month,mailed-check,yes,dsl,150.9,0,Quebec,0
CUST-00408,34,64.44,2,two-year,credit-card,yes,fiber,459.2,0,Ontario,0
CUST-00409,29,62.01,2,month-to-month,electronic-check,no,fiber,429.0,1,West,0
CUST-00410,54,75.88,1,two-year,credit-card,no,fiber,578.1,2,West,1
CUST-00411,23,45.2,1,one-year,credit-card,no,dsl,222.0,0,Ontario,0
CUST-00412,11,52.58,2,one-year,electronic-check,no,fiber,473.6,2,Ontario,0
CUST-00413,19,48.39,1,month-to-month,bank-transfer,yes,dsl,187.0,1,Ontario,0
CUST-00414,17,77.38,1,two-year,mailed-check,yes,fiber,420.9,2,Atlantic,0
CUST-00415,72,89.31,1,month-to-month,bank-transfer,no,fiber,316.9,1,West,0
CUST-00416,63,65.56,3,month-to-month,credit-card,yes,fiber,332.8,2,Quebec,0
CUST-00417,32,55.7,2,month-to-month,bank-transfer,yes,dsl,205.2,2,Ontario,1
CUST-00418,17,58.63,2,one-year,credit-card,yes,dsl,194.6,1,West,0
CUST-00419,53,66.19,3,month-to-month,electronic-check,no,fiber,455.7,0,Quebec,1
CUST-00420,31,49.36,0,two-year,electronic-check,no,dsl,270.0,0,Atlantic,0
CUST-00421,23,60.52,2,one-year,bank-transfer,yes,dsl,197.9,0,Ontario,0
CUST-00422,31,60.43,1,month-to-month,bank-transfer,yes,fiber,410.4,0,Ontario,0
CUST-00423,24,48.94,0,month-to-month,electronic-check,yes,dsl,172.2,0,Quebec,0
CUST-00424,40,70.87,1,month-to-month,electronic-check,yes,fiber,460.7,1,Ontario,1
CUST-00425,10,76.39,1,one-year,credit-card,no,fiber,407.7,1,Quebec,0
CUST-00426,40,41.09,2,one-year,credit-card,yes,dsl,280.5,0,West,0
CUST-00427,24,71.63,2,month-to-month,credit-card,no,fiber,439.0,1,Ontario,1
CUST-00428,54,43.45,0,two-year,bank-transfer,yes,dsl,211.4,0,Quebec,0
CUST-00429,64,30.82,1,month-to-month,bank-transfer,no,none,0.0,1,West,0
CUST-00430,72,65.28,1,one-year,credit-card,yes,dsl,280.5,0,West,0
CUST-00431,72,56.22,1,two-year,bank-transfer,no,dsl,312.3,1,Quebec,0
CUST-00432,71,74.53,0,one-year,bank-transfer,yes,dsl,74.1,1,Ontario,0
CUST-00433,53,37.24,0,one-year,credit-card,no,none,46.1,0,Quebec,0
CUST-00434,11,83.16,1,two-year,mailed-check,no,fiber,430.8,0,Quebec,0
CUST-00435,2,81.35,1,month-to-month,bank-transfer,yes,fiber,464.1,0,West,1
CUST-00436,58,56.86,0,month-to-month,bank-transfer,no,dsl,228.4,2,Quebec,0
CUST-00437,15,59.19,2,month-to-month,bank-transfer,yes,fiber,250.0,0,Ontario,0
CUST-00438,72,71.9,0,month-to-month,credit-card,yes,fiber,504.6,2,West,0
CUST-00439,7,67.41,0,one-year,electronic-check,yes,fiber,534.6,0,Quebec,0
CUST-00440,51,51.0,1,one-year,bank-transfer,yes,dsl,294.1,0,Ontario,0
CUST-00441,34,74.64,1,two-year,bank-transfer,no,fiber,359.7,0,Quebec,0
CUST-00442,8,57.78,0,month-to-month,mailed-check,no,fiber,437.4,0,Atlantic,0
CUST-00443,34,63.82,1,one-year,electronic-check,yes,fiber,394.2,0,West,0
CUST-00444,16,62.37,1,month-to-month,electronic-check,yes,fiber,277.2,1,Ontario,0
CUST-00445,28,54.33,0,month-to-month,credit-card,yes,dsl,137.3,0,West,0
CUST-00446,28,64.93,0,one-year,credit-card,yes,fiber,347.9,1,Ontario,0
CUST-00447,16,49.62,1,two-year,electronic-check,no,dsl,218.4,0,Quebec,0
CUST-00448,22,58.42,0,one-year,bank-transfer,yes,dsl,51.3,0,Quebec,1
CUST-00449,15,68.32,1,month-to-month,electronic-check,yes,fiber,356.7,1,Ontario,0
CUST-00450,5,57.05,0,one-year,electronic-check,yes,dsl,145.8,2,Ontario,0
CUST-00451,32,45.29,0,month-to-month,credit-card,yes,dsl,255.5,2,Atlantic,0
CUST-00452,71,48.3,1,two-year,credit-card,yes,dsl,426.1,0,Ontario,0
CUST-00453,16,94.43,3,one-year,bank-transfer,yes,fiber,465.8,0,West,0
CUST-00454,72,65.68,3,month-to-month,credit-card,yes,fiber,352.3,0,West,0
CUST-00455,72,20.0,3,month-to-month,electronic-check,no,none,0.0,1,Quebec,1
CUST-00456,21,60.59,4,month-to-month,electronic-check,yes,dsl,245.9,1,Ontario,1
CUST-00457,25,30.57,1,two-year,bank-transfer,no,none,0.0,1,Ontario,0
CUST-00458,21,59.56,1,month-to-month,electronic-check,yes,dsl,283.2,1,Ontario,0
CUST-00459,11,72.06,0,one-year,bank-transfer,yes,fiber,463.2,1,Quebec,0
CUST-00460,25,62.77,4,one-year,electronic-check,yes,dsl,179.4,0,Atlantic,0
CUST-00461,23,71.95,0,one-year,credit-card,yes,fiber,296.8,4,West,0
CUST-00462,31,54.62,1,month-to-month,electronic-check,no,dsl,268.2,3,Ontario,0
CUST-00463,32,85.05,1,two-year,electronic-check,no,fiber,375.3,1,Ontario,0
CUST-00464,10,49.71,0,month-to-month,credit-card,yes,fiber,453.1,1,Ontario,0
CUST-00465,45,43.08,2,one-year,bank-transfer,yes,dsl,176.6,1,Atlantic,0
CUST-00466,25,48.34,2,one-year,electronic-check,yes,dsl,55.4,1,Ontario,1
CUST-00467,12,39.23,2,one-year,credit-card,yes,dsl,170.4,0,Ontario,0
CUST-00468,24,67.97,0,two-year,electronic-check,yes,fiber,337.1,0,Quebec,0
CUST-00469,33,66.93,1,month-to-month,mailed-check,yes,fiber,384.6,0,Quebec,1
CUST-00470,72,48.23,1,month-to-month,electronic-check,yes,none,48.8,1,Ontario,1
CUST-00471,71,72.07,1,month-to-month,bank-transfer,yes,fiber,499.7,0,West,0
CUST-00472,19,70.76,2,month-to-month,electronic-check,yes,fiber,438.4,0,Ontario,0
CUST-00473,26,53.01,2,month-to-month,mailed-check,yes,dsl,114.9,0,Ontario,1
CUST-00474,15,61.95,3,month-to-month,bank-transfer,yes,fiber,385.0,0,Ontario,1
CUST-00475,37,66.35,2,month-to-month,credit-card,no,dsl,133.5,0,Ontario,0
CUST-00476,20,85.71,3,month-to-month,credit-card,yes,fiber,258.3,2,Atlantic,1
CUST-00477,25,44.27,2,month-to-month,electronic-check,yes,dsl,196.2,0,Quebec,1
CUST-00478,59,74.01,2,one-year,bank-transfer,yes,dsl,48.4,0,West,0
CUST-00479,10,30.95,1,one-year,credit-card,no,none,18.5,0,Ontario,0
CUST-00480,72,49.1,1,month-to-month,bank-transfer,yes,dsl,65.9,1,West,0
CUST-00481,40,77.96,1,month-to-month,electronic-check,no,fiber,337.5,0,Atlantic,0
CUST-00482,69,62.9,2,month-to-month,bank-transfer,yes,dsl,246.8,1,Ontario,0
CUST-00483,49,56.25,2,one-year,electronic-check,no,dsl,192.1,1,Atlantic,0
CUST-00484,56,53.36,4,month-to-month,electronic-check,no,dsl,29.8,1,Quebec,0
CUST-00485,30,69.31,0,month-to-month,mailed-check,yes,dsl,142.5,0,West,0
CUST-00486,12,50.46,0,month-to-month,mailed-check,yes,dsl,212.3,1,Ontario,0
CUST-00487,18,56.28,1,month-to-month,credit-card,no,dsl,137.4,0,West,1
CUST-00488,15,74.78,0,month-to-month,electronic-check,no,dsl,160.8,0,Quebec,1
CUST-00489,4,58.96,1,one-year,credit-card,no,fiber,460.7,0,Atlantic,0
CUST-00490,59,68.18,1,one-year,mailed-check,yes,fiber,443.8,0,West,0
CUST-00491,28,67.76,0,one-year,credit-card,no,dsl,105.7,2,Ontario,0
CUST-00492,14,78.54,2,one-year,electronic-check,yes,fiber,441.9,2,Atlantic,0
CUST-00493,72,66.39,2,one-year,electronic-check,yes,dsl,165.6,1,West,0
CUST-00494,72,43.11,1,month-to-month,credit-card,yes,dsl,336.6,1,Quebec,0
CUST-00495,9,76.37,1,one-year,electronic-check,yes,fiber,431.2,0,Ontario,0
CUST-00496,25,54.01,4,month-to-month,credit-card,yes,dsl,201.5,2,Ontario,0
CUST-00497,24,80.86,0,month-to-month,bank-transfer,yes,dsl,212.1,2,Ontario,1
CUST-00498,13,65.5,0,one-year,bank-transfer,yes,dsl,162.6,0,Ontario,0
CUST-00499,58,72.77,2,month-to-month,bank-transfer,no,fiber,378.8,0,Atlantic,0
CUST-00500,4,60.0,1,month-to-month,bank-transfer,no,dsl,229.1,1,Ontario,0
CUST-00501,72,73.57,1,one-year,mailed-check,no,fiber,479.8,0,West,0
CUST-00502,31,64.34,0,two-year,bank-transfer,no,dsl,367.0,0,Quebec,0
CUST-00503,72,64.01,0,two-year,bank-transfer,no,fiber,503.1,0,Quebec,0
CUST-00504,29,71.33,1,month-to-month,electronic-check,no,dsl,254.5,0,Ontario,0
CUST-00505,24,43.09,1,month-to-month,electronic-check,yes,dsl,251.0,0,Quebec,1
CUST-00506,61,59.15,1,one-year,credit-card,yes,dsl,131.3,0,Quebec,0
CUST-00507,72,64.35,1,month-to-month,mailed-check,no,fiber,333.1,0,Quebec,0
CUST-00508,72,57.45,0,two-year,credit-card,yes,dsl,104.7,0,Ontario,0
CUST-00509,6,67.37,3,month-to-month,bank-transfer,no,dsl,248.5,0,West,1
CUST-00510,72,55.02,0,month-to-month,bank-transfer,yes,fiber,560.8,0,Ontario,0
CUST-00511,23,36.22,0,month-to-month,electronic-check,yes,none,74.4,1,Quebec,0
CUST-00512,27,41.88,0,two-year,credit-card,yes,dsl,175.8,0,Quebec,0
CUST-00513,22,35.07,1,month-to-month,credit-card,no,none,154.5,1,Ontario,1
CUST-00514,18,22.85,0,month-to-month,electronic-check,yes,none,0.0,2,West,1
CUST-00515,25,39.7,0,month-to-month,credit-card,yes,none,0.0,0,Ontario,0
CUST-00516,13,52.53,0,month-to-month,bank-transfer,yes,dsl,211.5,0,Atlantic,1
CUST-00517,72,64.84,1,month-to-month,electronic-check,yes,dsl,299.8,0,West,0
CUST-00518,49,85.9,1,one-year,electronic-check,yes,fiber,368.3,2,Ontario,0
CUST-00519,35,57.11,2,month-to-month,credit-card,yes,dsl,45.1,2,Ontario,1
CUST-00520,22,66.38,0,two-year,credit-card,yes,dsl,193.2,1,Ontario,0
CUST-00521,19,71.52,2,two-year,mailed-check,no,dsl,255.6,0,Atlantic,0
CUST-00522,41,47.32,0,month-to-month,bank-transfer,yes,dsl,0.0,1,Quebec,0
CUST-00523,36,88.07,0,month-to-month,credit-card,no,fiber,523.1,1,Ontario,0
CUST-00524,64,72.61,0,one-year,credit-card,no,fiber,323.8,1,Quebec,0
CUST-00525,20,62.73,2,month-to-month,bank-transfer,no,fiber,501.6,1,Ontario,0
CUST-00526,18,76.13,0,month-to-month,mailed-check,no,fiber,270.3,0,Quebec,0
CUST-00527,48,72.24,0,two-year,credit-card,yes,fiber,314.6,0,Quebec,0
CUST-00528,55,58.23,0,two-year,credit-card,yes,fiber,492.6,2,Ontario,0
CUST-00529,72,45.44,1,one-year,bank-transfer,yes,dsl,293.3,0,West,0
CUST-00530,6,90.19,6,month-to-month,credit-card,yes,fiber,439.2,0,Ontario,1
CUST-00531,72,75.93,0,one-year,credit-card,yes,fiber,643.6,1,Quebec,0
CUST-00532,33,88.56,0,one-year,mailed-check,yes,fiber,353.1,1,Quebec,0
CUST-00533,20,68.63,2,month-to-month,electronic-check,no,fiber,352.0,0,Atlantic,0
CUST-00534,41,64.58,3,one-year,credit-card,yes,fiber,414.3,2,Quebec,0
CUST-00535,40,39.33,0,month-to-month,bank-transfer,yes,dsl,160.3,0,Atlantic,0
CUST-00536,21,67.16,1,month-to-month,credit-card,yes,dsl,214.1,0,Ontario,1
CUST-00537,6,77.31,1,month-to-month,credit-card,yes,fiber,376.9,0,West,1
CUST-00538,72,52.72,0,month-to-month,bank-transfer,yes,dsl,238.2,0,Ontario,0
CUST-00539,17,64.68,1,month-to-month,bank-transfer,no,fiber,486.2,1,West,0
CUST-00540,15,84.83,2,two-year,electronic-check,yes,fiber,577.1,0,Ontario,0
CUST-00541,18,55.14,1,two-year,mailed-check,no,dsl,148.3,1,Atlantic,0
CUST-00542,53,55.25,0,month-to-month,credit-card,yes,dsl,218.6,0,Atlantic,0
CUST-00543,23,50.69,4,two-year,mailed-check,yes,dsl,241.5,1,Quebec,0
CUST-00544,18,68.72,1,two-year,bank-transfer,yes,fiber,439.4,1,Quebec,0
CUST-00545,40,78.78,4,month-to-month,credit-card,yes,fiber,422.0,0,Quebec,1
CUST-00546,36,58.13,1,month-to-month,electronic-check,yes,fiber,264.6,0,Ontario,1
CUST-00547,19,73.85,2,month-to-month,credit-card,yes,fiber,447.1,1,West,1
CUST-00548,6,48.03,1,month-to-month,bank-transfer,no,none,62.6,1,West,0
CUST-00549,52,72.11,2,one-year,electronic-check,yes,fiber,435.1,1,Quebec,0
CUST-00550,36,68.07,0,month-to-month,credit-card,yes,dsl,123.5,0,Ontario,0
CUST-00551,4,71.08,1,month-to-month,electronic-check,no,dsl,47.3,1,Atlantic,0
CUST-00552,72,66.49,1,month-to-month,credit-card,yes,dsl,228.5,0,Ontario,0
CUST-00553,4,67.36,0,month-to-month,electronic-check,yes,fiber,442.8,1,Quebec,1
CUST-00554,16,56.63,0,two-year,credit-card,yes,dsl,308.1,1,Ontario,1
CUST-00555,16,76.63,4,month-to-month,credit-card,yes,fiber,316.8,0,Ontario,0
CUST-00556,19,52.07,0,month-to-month,bank-transfer,no,dsl,150.0,0,Ontario,0
CUST-00557,18,67.72,0,month-to-month,electronic-check,yes,fiber,327.7,0,Ontario,1
CUST-00558,10,32.09,1,month-to-month,credit-card,yes,none,99.2,0,Quebec,1
CUST-00559,34,83.71,3,one-year,electronic-check,yes,dsl,295.3,0,Quebec,0
CUST-00560,58,54.15,3,month-to-month,credit-card,yes,dsl,353.4,0,West,0
CUST-00561,33,68.22,1,month-to-month,bank-transfer,yes,dsl,234.3,0,West,0
CUST-00562,38,63.87,3,month-to-month,bank-transfer,yes,fiber,507.1,0,Ontario,0
CUST-00563,23,74.87,2,two-year,credit-card,no,dsl,227.1,0,Ontario,0
CUST-00564,32,69.03,0,one-year,mailed-check,yes,fiber,488.7,0,Quebec,0
CUST-00565,40,38.56,2,one-year,bank-transfer,yes,none,16.2,0,West,0
CUST-00566,49,37.76,0,one-year,electronic-check,yes,dsl,242.6,1,Quebec,0
CUST-00567,17,68.72,0,one-year,bank-transfer,yes,dsl,371.9,0,Ontario,0
CUST-00568,15,87.0,0,month-to-month,bank-transfer,yes,fiber,458.6,1,West,0
CUST-00569,3,44.53,0,month-to-month,electronic-check,no,dsl,192.0,0,Ontario,1
CUST-00570,72,85.34,1,month-to-month,mailed-check,no,fiber,456.8,1,Quebec,0
CUST-00571,72,42.96,1,month-to-month,electronic-check,yes,dsl,177.3,3,Ontario,0
CUST-00572,28,79.64,1,two-year,bank-transfer,no,fiber,460.9,0,West,0
CUST-00573,30,69.98,2,month-to-month,electronic-check,no,fiber,424.4,0,Ontario,1
CUST-00574,72,87.03,3,one-year,electronic-check,yes,fiber,537.2,1,West,0
CUST-00575,10,75.62,2,two-year,bank-transfer,no,fiber,528.7,0,Ontario,0
CUST-00576,14,82.78,3,month-to-month,electronic-check,no,fiber,624.1,1,Quebec,1
CUST-00577,72,70.0,1,two-year,bank-transfer,no,dsl,188.0,0,Ontario,0
CUST-00578,23,69.94,0,one-year,electronic-check,yes,fiber,464.5,1,West,0
CUST-00579,12,56.7,2,two-year,mailed-check,yes,dsl,211.0,0,Ontario,0
CUST-00580,41,61.33,1,month-to-month,mailed-check,no,fiber,457.0,0,Ontario,1
CUST-00581,17,53.85,4,month-to-month,electronic-check,yes,dsl,286.0,0,West,0
CUST-00582,72,77.23,0,month-to-month,electronic-check,no,dsl,51.9,0,Ontario,0
CUST-00583,32,80.94,2,month-to-month,electronic-check,yes,fiber,479.2,2,Ontario,0
CUST-00584,18,46.03,2,month-to-month,credit-card,yes,dsl,359.6,2,West,1
CUST-00585,19,55.13,1,two-year,bank-transfer,no,none,127.9,2,West,0
CUST-00586,40,61.08,3,one-year,credit-card,yes,dsl,296.1,0,West,1
CUST-00587,25,81.72,0,month-to-month,credit-card,yes,fiber,511.6,3,Ontario,0
CUST-00588,23,78.15,0,month-to-month,mailed-check,no,fiber,389.4,1,Quebec,0
CUST-00589,50,61.41,0,month-to-month,electronic-check,no,dsl,126.3,4,West,1
CUST-00590,72,52.02,0,month-to-month,bank-transfer,yes,fiber,376.9,2,Ontario,1
CUST-00591,46,68.62,1,two-year,credit-card,yes,dsl,93.2,0,West,0
CUST-00592,16,49.33,0,month-to-month,electronic-check,yes,fiber,520.5,1,Ontario,0
CUST-00593,12,67.67,1,month-to-month,bank-transfer,yes,dsl,314.8,0,Atlantic,0
CUST-00594,48,74.05,0,one-year,electronic-check,no,fiber,476.9,1,Quebec,0
CUST-00595,45,81.77,3,month-to-month,mailed-check,yes,fiber,508.4,0,Quebec,0
CUST-00596,22,39.66,1,month-to-month,bank-transfer,yes,none,36.9,1,Quebec,1
CUST-00597,26,67.96,2,one-year,credit-card,yes,dsl,238.3,1,Ontario,0
CUST-00598,17,57.17,2,one-year,credit-card,yes,dsl,10.1,1,Ontario,0
CUST-00599,12,40.95,0,two-year,credit-card,yes,none,38.7,2,West,0
CUST-00600,18,77.25,2,one-year,bank-transfer,yes,fiber,403.8,0,Quebec,0
CUST-00601,2,92.73,0,month-to-month,credit-card,no,fiber,436.6,0,Quebec,0
CUST-00602,65,79.3,1,one-year,credit-card,no,fiber,459.2,0,Ontario,0
CUST-00603,9,59.17,2,two-year,credit-card,yes,fiber,379.2,1,West,0
CUST-00604,29,67.08,1,one-year,credit-card,no,fiber,348.6,1,Ontario,0
CUST-00605,3,44.28,1,two-year,electronic-check,yes,none,0.0,1,Ontario,0
CUST-00606,44,86.23,0,one-year,credit-card,yes,fiber,316.9,1,Atlantic,0
CUST-00607,54,65.42,2,two-year,electronic-check,yes,fiber,341.8,0,Quebec,0
CUST-00608,31,96.52,0,month-to-month,credit-card,yes,fiber,353.5,0,Quebec,0
CUST-00609,28,74.84,2,one-year,credit-card,yes,fiber,318.0,0,Atlantic,0
CUST-00610,17,77.42,2,month-to-month,credit-card,no,fiber,484.9,2,Ontario,1
CUST-00611,64,43.83,3,month-to-month,electronic-check,yes,dsl,113.5,0,Atlantic,1
CUST-00612,7,84.71,3,one-year,credit-card,yes,fiber,281.6,2,West,1
CUST-00613,21,52.32,0,two-year,bank-transfer,yes,dsl,155.9,0,Quebec,0
CUST-00614,15,49.17,2,two-year,credit-card,no,dsl,95.4,0,Ontario,1
CUST-00615,15,53.67,1,month-to-month,mailed-check,yes,dsl,314.0,1,Ontario,0
CUST-00616,63,71.52,2,one-year,credit-card,no,dsl,201.3,1,Quebec,1
CUST-00617,26,77.89,3,one-year,bank-transfer,no,fiber,315.0,2,Ontario,0
CUST-00618,17,63.66,2,month-to-month,electronic-check,yes,fiber,488.3,1,Ontario,1
CUST-00619,37,67.43,1,month-to-month,credit-card,yes,fiber,447.2,1,Quebec,1
CUST-00620,35,52.8,1,month-to-month,credit-card,yes,none,0.0,0,West,0
CUST-00621,53,54.52,1,one-year,electronic-check,yes,dsl,323.8,1,Ontario,0
CUST-00622,40,78.88,0,month-to-month,credit-card,yes,fiber,357.1,1,West,0
CUST-00623,27,81.45,0,two-year,credit-card,no,fiber,528.0,0,Atlantic,0
CUST-00624,29,21.1,0,month-to-month,bank-transfer,no,dsl,155.2,2,West,0
CUST-00625,39,70.28,2,two-year,credit-card,yes,dsl,188.4,0,West,0
CUST-00626,13,48.05,1,month-to-month,mailed-check,yes,dsl,126.3,0,West,0
CUST-00627,34,53.21,2,one-year,electronic-check,yes,dsl,131.7,0,Ontario,0
CUST-00628,72,73.16,0,month-to-month,bank-transfer,yes,dsl,152.9,1,Ontario,0
CUST-00629,31,72.19,2,month-to-month,credit-card,yes,dsl,28.4,0,Atlantic,0
CUST-00630,22,78.17,0,one-year,electronic-check,no,fiber,469.5,0,West,0
CUST-00631,22,80.65,3,two-year,electronic-check,yes,fiber,449.8,2,West,0
CUST-00632,38,48.27,2,two-year,credit-card,yes,none,0.0,1,Atlantic,0
CUST-00633,33,72.02,0,month-to-month,mailed-check,yes,dsl,246.1,0,Ontario,0
CUST-00634,46,89.35,1,month-to-month,bank-transfer,yes,fiber,563.9,0,Ontario,1
CUST-00635,18,58.13,2,month-to-month,electronic-check,no,dsl,133.5,1,West,1
CUST-00636,25,65.26,0,month-to-month,credit-card,no,fiber,373.3,0,Ontario,0
CUST-00637,51,54.32,2,one-year,credit-card,yes,dsl,284.6,3,Quebec,0
CUST-00638,54,74.34,1,one-year,electronic-check,yes,fiber,474.3,1,West,0
CUST-00639,54,56.44,1,one-year,electronic-check,no,dsl,178.4,1,Quebec,0
CUST-00640,48,46.37,1,two-year,bank-transfer,yes,dsl,259.2,0,Ontario,0
CUST-00641,49,77.59,0,one-year,credit-card,yes,fiber,463.3,1,West,0
CUST-00642,34,56.54,0,one-year,electronic-check,no,fiber,561.4,0,Ontario,0
CUST-00643,8,57.9,0,month-to-month,credit-card,yes,dsl,188.6,0,West,0
CUST-00644,9,74.57,2,month-to-month,bank-transfer,yes,fiber,476.3,2,Ontario,0
CUST-00645,30,74.21,0,one-year,electronic-check,yes,fiber,533.3,0,West,0
CUST-00646,31,65.94,1,two-year,credit-card,yes,dsl,0.0,1,Quebec,0
CUST-00647,15,80.55,1,month-to-month,credit-card,no,fiber,536.4,0,Quebec,0
CUST-00648,15,96.34,2,month-to-month,credit-card,no,fiber,397.1,0,Quebec,0
CUST-00649,27,67.56,6,one-year,mailed-check,yes,fiber,482.5,1,Ontario,0
CUST-00650,72,59.93,0,month-to-month,credit-card,yes,dsl,331.5,1,Quebec,0
CUST-00651,12,75.26,2,month-to-month,electronic-check,no,fiber,414.0,2,West,1
CUST-00652,21,74.77,0,two-year,mailed-check,yes,fiber,401.3,1,West,0
CUST-00653,53,59.72,0,one-year,electronic-check,yes,fiber,435.3,0,Ontario,0
CUST-00654,47,60.57,1,month-to-month,bank-transfer,yes,fiber,316.6,0,West,1
CUST-00655,36,73.07,0,two-year,bank-transfer,yes,fiber,626.9,2,West,0
CUST-00656,5,56.45,0,month-to-month,bank-transfer,yes,fiber,436.4,1,West,0
CUST-00657,24,69.49,1,two-year,bank-transfer,yes,fiber,579.9,0,Quebec,0
CUST-00658,72,66.2,0,month-to-month,mailed-check,yes,fiber,411.7,0,Ontario,1
CUST-00659,15,53.87,1,one-year,electronic-check,yes,dsl,192.9,1,Atlantic,0
CUST-00660,14,84.89,0,month-to-month,bank-transfer,no,fiber,520.3,0,Ontario,0
CUST-00661,72,61.68,1,month-to-month,bank-transfer,yes,fiber,346.3,1,Ontario,0
CUST-00662,27,66.13,0,two-year,mailed-check,no,dsl,181.3,0,West,0
CUST-00663,5,51.0,2,month-to-month,credit-card,yes,dsl,267.1,0,Ontario,0
CUST-00664,11,52.31,0,month-to-month,electronic-check,yes,dsl,171.9,0,West,0
CUST-00665,18,77.89,1,month-to-month,credit-card,yes,fiber,398.9,0,Ontario,0
CUST-00666,35,70.12,3,one-year,electronic-check,yes,fiber,534.8,0,West,0
CUST-00667,25,63.63,0,one-year,electronic-check,yes,fiber,559.1,3,Atlantic,0
CUST-00668,14,69.11,3,two-year,bank-transfer,yes,fiber,572.6,0,Atlantic,0
CUST-00669,25,54.35,0,month-to-month,credit-card,yes,fiber,382.6,0,Atlantic,0
CUST-00670,15,61.0,0,month-to-month,electronic-check,yes,dsl,140.8,0,West,1
CUST-00671,72,40.43,2,month-to-month,bank-transfer,yes,fiber,399.9,1,Ontario,0
CUST-00672,10,66.32,1,one-year,bank-transfer,no,dsl,251.1,2,Atlantic,0
CUST-00673,20,79.46,2,two-year,bank-transfer,yes,fiber,338.3,1,Atlantic,0
CUST-00674,18,89.82,3,one-year,bank-transfer,no,fiber,343.1,2,Quebec,1
CUST-00675,18,79.91,0,one-year,electronic-check,yes,dsl,129.3,0,Ontario,0
CUST-00676,12,66.83,0,month-to-month,credit-card,yes,dsl,110.3,0,Ontario,1
CUST-00677,72,66.41,0,two-year,bank-transfer,yes,fiber,515.2,1,Quebec,0
CUST-00678,72,79.81,2,month-to-month,mailed-check,no,dsl,259.4,1,West,0
CUST-00679,38,60.46,3,month-to-month,credit-card,yes,fiber,399.1,1,Ontario,1
CUST-00680,36,53.02,0,month-to-month,bank-transfer,no,fiber,423.5,2,Ontario,1
CUST-00681,7,76.45,4,month-to-month,electronic-check,no,dsl,0.0,0,Quebec,1
CUST-00682,72,79.32,1,month-to-month,mailed-check,yes,fiber,401.1,1,Ontario,0
CUST-00683,15,53.3,1,month-to-month,bank-transfer,yes,fiber,545.7,1,Atlantic,0
CUST-00684,6,58.77,0,month-to-month,electronic-check,yes,fiber,396.5,3,Ontario,1
CUST-00685,43,78.79,0,one-year,credit-card,yes,fiber,347.1,0,Ontario,0
CUST-00686,60,63.87,2,month-to-month,bank-transfer,no,fiber,557.0,2,Ontario,0
CUST-00687,72,65.38,1,month-to-month,mailed-check,no,fiber,345.3,1,West,0
CUST-00688,20,58.65,1,two-year,mailed-check,yes,none,143.4,1,West,0
CUST-00689,18,79.56,2,one-year,bank-transfer,yes,dsl,435.5,2,Ontario,0
CUST-00690,34,74.54,2,month-to-month,bank-transfer,yes,fiber,430.7,0,Ontario,0
CUST-00691,25,71.42,1,month-to-month,bank-transfer,no,fiber,545.7,2,Quebec,0
CUST-00692,44,66.48,2,two-year,credit-card,yes,dsl,48.1,1,Ontario,0
CUST-00693,34,67.1,1,month-to-month,mailed-check,yes,fiber,294.4,0,West,0
CUST-00694,14,33.58,0,month-to-month,electronic-check,yes,dsl,122.3,3,Ontario,0
CUST-00695,72,28.0,1,two-year,bank-transfer,no,dsl,259.9,1,Quebec,0
CUST-00696,44,72.23,1,month-to-month,credit-card,yes,fiber,440.1,1,Ontario,0
CUST-00697,59,82.26,0,one-year,bank-transfer,yes,fiber,424.2,1,Quebec,0
CUST-00698,14,73.17,0,one-year,credit-card,no,fiber,330.3,0,Quebec,0
CUST-00699,43,81.5,1,one-year,electronic-check,no,fiber,429.2,0,Ontario,0
CUST-00700,52,82.55,1,month-to-month,bank-transfer,yes,fiber,385.3,1,Ontario,0
CUST-00701,33,71.55,2,month-to-month,credit-card,no,dsl,111.6,0,Ontario,0
CUST-00702,11,74.96,0,month-to-month,electronic-check,yes,fiber,354.4,0,Ontario,0
CUST-00703,31,59.9,0,month-to-month,mailed-check,yes,dsl,206.3,0,Atlantic,0
CUST-00704,48,56.61,2,two-year,credit-card,yes,dsl,128.8,1,Ontario,0
CUST-00705,62,70.29,1,month-to-month,bank-transfer,yes,fiber,439.4,1,Ontario,0
CUST-00706,7,56.49,1,one-year,bank-transfer,no,fiber,289.6,0,Ontario,0
CUST-00707,32,85.31,0,one-year,credit-card,yes,fiber,482.8,2,West,1
CUST-00708,9,52.97,1,one-year,bank-transfer,yes,dsl,210.5,0,Atlantic,0
CUST-00709,49,68.37,3,month-to-month,electronic-check,no,fiber,420.3,0,West,1
CUST-00710,58,51.31,0,month-to-month,credit-card,yes,dsl,203.7,2,Quebec,0
CUST-00711,13,42.93,1,two-year,credit-card,yes,dsl,269.4,2,West,0
CUST-00712,11,56.1,0,one-year,electronic-check,yes,dsl,66.9,0,Ontario,0
CUST-00713,18,43.42,1,two-year,credit-card,no,none,17.7,1,West,0
CUST-00714,26,49.59,2,two-year,electronic-check,yes,dsl,79.1,1,West,0
CUST-00715,16,67.89,1,one-year,electronic-check,no,dsl,197.4,0,Ontario,0
CUST-00716,52,53.13,2,month-to-month,electronic-check,no,dsl,168.0,0,Quebec,0
CUST-00717,62,40.91,1,one-year,electronic-check,no,dsl,187.9,1,Ontario,0
CUST-00718,31,71.42,0,month-to-month,electronic-check,no,dsl,262.1,1,Ontario,0
CUST-00719,16,40.08,1,one-year,electronic-check,yes,none,81.6,1,West,0
CUST-00720,25,82.06,0,two-year,bank-transfer,no,fiber,532.4,0,Ontario,1
CUST-00721,31,66.31,0,month-to-month,bank-transfer,yes,dsl,156.3,3,West,0
CUST-00722,24,47.07,3,month-to-month,bank-transfer,yes,dsl,249.8,0,Atlantic,1
CUST-00723,27,51.52,2,month-to-month,bank-transfer,yes,dsl,233.1,2,Quebec,0
CUST-00724,59,83.86,1,two-year,credit-card,no,fiber,408.4,0,Ontario,0
CUST-00725,15,76.27,2,month-to-month,bank-transfer,yes,dsl,200.0,0,Quebec,0
CUST-00726,72,57.66,0,month-to-month,bank-transfer,no,dsl,178.8,0,West,0
CUST-00727,32,31.41,2,month-to-month,credit-card,no,none,130.6,0,Ontario,0
CUST-00728,23,90.66,0,month-to-month,credit-card,yes,fiber,508.9,1,Ontario,0
CUST-00729,15,50.42,3,month-to-month,electronic-check,yes,dsl,161.5,1,Quebec,0
CUST-00730,16,60.45,2,month-to-month,bank-transfer,yes,dsl,155.5,0,Atlantic,0
CUST-00731,29,33.51,1,month-to-month,electronic-check,yes,none,93.4,0,Ontario,0
CUST-00732,32,59.83,0,month-to-month,bank-transfer,yes,dsl,303.9,1,Ontario,0
CUST-00733,22,47.07,0,month-to-month,electronic-check,yes,dsl,216.8,1,Atlantic,0
CUST-00734,9,53.07,0,month-to-month,electronic-check,yes,dsl,246.0,2,Ontario,1
CUST-00735,29,66.41,2,month-to-month,credit-card,yes,fiber,550.8,0,Ontario,0
CUST-00736,16,44.95,0,one-year,mailed-check,yes,none,0.0,1,Quebec,0
CUST-00737,5,74.71,1,month-to-month,credit-card,yes,fiber,447.1,0,Ontario,1
CUST-00738,45,66.24,1,month-to-month,bank-transfer,yes,dsl,231.4,1,Ontario,1
CUST-00739,6,48.33,2,month-to-month,electronic-check,no,dsl,153.5,1,Quebec,0
CUST-00740,22,70.81,0,month-to-month,bank-transfer,yes,fiber,584.4,1,West,1
CUST-00741,27,79.56,0,month-to-month,bank-transfer,yes,fiber,402.8,0,Quebec,0
CUST-00742,68,82.02,2,month-to-month,bank-transfer,yes,fiber,445.2,2,Ontario,0
CUST-00743,6,41.82,2,two-year,credit-card,yes,dsl,352.9,0,Quebec,0
CUST-00744,48,60.34,2,month-to-month,credit-card,no,dsl,31.7,0,West,0
CUST-00745,53,64.46,1,month-to-month,credit-card,yes,fiber,458.4,0,West,0
CUST-00746,72,66.55,0,month-to-month,credit-card,yes,dsl,133.9,2,West,0
CUST-00747,60,92.54,0,month-to-month,electronic-check,no,fiber,440.0,3,West,0
CUST-00748,27,29.57,0,month-to-month,bank-transfer,no,dsl,87.5,0,West,0
CUST-00749,50,66.11,2,one-year,bank-transfer,yes,fiber,408.5,1,West,0
CUST-00750,70,75.77,0,two-year,electronic-check,no,fiber,442.1,0,Ontario,0
CUST-00751,4,72.96,0,month-to-month,credit-card,yes,fiber,460.3,1,Atlantic,1
CUST-00752,9,66.87,0,month-to-month,credit-card,yes,dsl,266.1,1,West,0
CUST-00753,34,73.83,0,month-to-month,electronic-check,no,fiber,242.5,0,Ontario,0
CUST-00754,53,51.44,0,month-to-month,mailed-check,yes,dsl,179.3,1,Ontario,0
CUST-00755,44,62.29,2,one-year,bank-transfer,yes,fiber,425.2,0,Quebec,0
CUST-00756,37,60.52,0,month-to-month,credit-card,yes,fiber,434.5,0,Quebec,0
CUST-00757,72,65.2,0,month-to-month,electronic-check,no,fiber,442.7,2,West,0
CUST-00758,22,67.07,1,two-year,mailed-check,yes,fiber,369.4,1,Quebec,0
CUST-00759,16,42.03,3,month-to-month,bank-transfer,no,none,0.0,0,Ontario,0
CUST-00760,19,71.35,2,month-to-month,credit-card,yes,fiber,458.5,0,Ontario,0
CUST-00761,35,31.17,1,one-year,credit-card,no,none,0.0,1,West,0
CUST-00762,27,62.4,1,month-to-month,bank-transfer,no,fiber,474.2,1,Ontario,0
CUST-00763,55,65.62,1,month-to-month,mailed-check,no,fiber,360.3,1,West,0
CUST-00764,17,67.08,2,month-to-month,electronic-check,no,fiber,498.9,2,Ontario,1
CUST-00765,38,65.14,1,two-year,credit-card,no,fiber,435.4,0,Quebec,0
CUST-00766,50,64.07,1,month-to-month,electronic-check,no,dsl,191.3,1,Quebec,0
CUST-00767,70,71.36,1,month-to-month,electronic-check,yes,dsl,169.1,0,Ontario,1
CUST-00768,11,60.65,1,month-to-month,bank-transfer,yes,fiber,405.4,1,West,0
CUST-00769,19,68.75,2,month-to-month,electronic-check,yes,dsl,170.2,0,West,1
CUST-00770,25,64.28,1,one-year,bank-transfer,yes,dsl,290.4,0,Ontario,0
CUST-00771,8,39.89,0,month-to-month,bank-transfer,yes,none,0.0,0,Ontario,0
CUST-00772,36,54.03,1,one-year,bank-transfer,yes,none,0.0,1,West,0
CUST-00773,36,55.21,2,one-year,bank-transfer,no,dsl,279.8,0,West,0
CUST-00774,34,61.22,0,two-year,mailed-check,yes,dsl,259.7,2,Quebec,0
CUST-00775,24,58.3,1,month-to-month,bank-transfer,yes,dsl,304.2,1,West,0
CUST-00776,65,73.52,2,two-year,bank-transfer,yes,fiber,435.0,0,Ontario,0
CUST-00777,19,61.82,2,one-year,bank-transfer,yes,dsl,77.9,0,Ontario,0
CUST-00778,61,73.49,2,month-to-month,bank-transfer,yes,fiber,345.8,1,West,0
CUST-00779,19,61.89,3,one-year,bank-transfer,yes,dsl,164.6,0,West,0
CUST-00780,10,30.97,1,two-year,electronic-check,yes,none,76.7,1,West,0
CUST-00781,28,66.29,0,month-to-month,bank-transfer,no,fiber,418.4,0,Ontario,0
CUST-00782,32,49.92,4,two-year,bank-transfer,yes,dsl,161.8,0,Quebec,0
CUST-00783,39,34.17,3,month-to-month,electronic-check,no,none,45.7,2,West,1
CUST-00784,3,83.64,2,one-year,credit-card,no,fiber,442.4,0,Ontario,1
CUST-00785,22,52.15,1,two-year,electronic-check,yes,dsl,152.6,2,Quebec,0
CUST-00786,72,44.85,0,month-to-month,bank-transfer,yes,none,0.0,0,Quebec,0
CUST-00787,18,40.79,3,two-year,bank-transfer,no,none,92.5,0,Ontario,0
CUST-00788,54,68.37,0,month-to-month,electronic-check,no,fiber,529.1,0,Ontario,0
CUST-00789,72,86.75,4,one-year,electronic-check,yes,fiber,350.1,2,Ontario,1
CUST-00790,72,64.73,1,one-year,electronic-check,yes,dsl,155.8,3,West,1
CUST-00791,12,73.02,2,month-to-month,bank-transfer,yes,fiber,496.7,0,Ontario,1
CUST-00792,51,72.15,2,month-to-month,bank-transfer,yes,fiber,343.3,1,Ontario,0
CUST-00793,53,73.98,0,month-to-month,electronic-check,yes,fiber,471.0,0,Ontario,0
CUST-00794,45,56.94,3,month-to-month,bank-transfer,no,fiber,412.2,0,Ontario,0
CUST-00795,10,48.34,1,month-to-month,electronic-check,yes,dsl,86.6,1,Ontario,0
CUST-00796,34,61.86,0,month-to-month,bank-transfer,yes,dsl,341.1,2,Quebec,1
CUST-00797,34,40.38,0,month-to-month,electronic-check,yes,dsl,161.0,3,Ontario,1
CUST-00798,9,49.15,1,month-to-month,credit-card,yes,dsl,234.6,1,Ontario,0
CUST-00799,23,68.88,0,one-year,bank-transfer,yes,fiber,344.7,0,Ontario,0
CUST-00800,35,103.49,0,one-year,credit-card,yes,fiber,571.9,1,Ontario,1
CUST-00801,27,80.07,1,one-year,bank-transfer,no,fiber,605.5,1,Ontario,0
CUST-00802,47,84.52,0,month-to-month,electronic-check,no,fiber,312.3,0,Quebec,0
CUST-00803,23,64.55,3,two-year,bank-transfer,yes,fiber,426.0,1,West,1
CUST-00804,31,76.8,3,one-year,bank-transfer,yes,fiber,552.9,0,West,0
CUST-00805,56,54.52,0,month-to-month,mailed-check,yes,fiber,400.2,1,Ontario,0
CUST-00806,72,69.53,0,month-to-month,electronic-check,no,fiber,474.8,0,West,0
CUST-00807,10,62.31,1,one-year,bank-transfer,yes,dsl,47.2,1,West,0
CUST-00808,46,42.12,1,month-to-month,mailed-check,no,dsl,123.0,0,Ontario,0
CUST-00809,20,42.13,3,month-to-month,bank-transfer,yes,none,37.9,0,Quebec,1
CUST-00810,39,62.0,2,two-year,electronic-check,yes,dsl,139.9,0,West,0
CUST-00811,9,50.67,1,month-to-month,credit-card,yes,dsl,159.4,1,Ontario,1
CUST-00812,66,64.23,1,month-to-month,credit-card,yes,fiber,311.2,1,Ontario,0
CUST-00813,15,49.49,1,two-year,bank-transfer,yes,dsl,245.6,0,Quebec,0
CUST-00814,57,69.36,1,one-year,credit-card,yes,fiber,326.1,1,Ontario,0
CUST-00815,10,69.67,1,month-to-month,bank-transfer,yes,fiber,571.0,0,Atlantic,0
CUST-00816,7,78.35,3,two-year,credit-card,no,fiber,382.0,2,Ontario,0
CUST-00817,24,67.39,2,two-year,electronic-check,yes,fiber,508.1,2,Ontario,0
CUST-00818,34,89.82,4,month-to-month,credit-card,no,fiber,499.7,1,Ontario,1
CUST-00819,72,73.75,0,one-year,credit-card,no,dsl,106.3,0,Ontario,0
CUST-00820,33,59.48,2,month-to-month,mailed-check,yes,dsl,141.1,0,West,0
CUST-00821,12,53.38,0,month-to-month,electronic-check,yes,dsl,151.1,0,West,0
CUST-00822,50,51.4,1,one-year,mailed-check,yes,dsl,156.9,1,Atlantic,0
CUST-00823,72,60.33,2,month-to-month,bank-transfer,no,dsl,79.7,0,Quebec,0
CUST-00824,14,78.16,1,one-year,credit-card,no,fiber,485.4,0,Quebec,0
CUST-00825,55,54.89,2,two-year,bank-transfer,no,dsl,131.5,0,Ontario,0
CUST-00826,67,52.87,1,month-to-month,bank-transfer,yes,dsl,180.3,1,Ontario,0
CUST-00827,51,76.7,2,one-year,credit-card,no,fiber,525.5,0,West,0
CUST-00828,17,73.72,3,month-to-month,electronic-check,yes,fiber,488.6,0,Quebec,0
CUST-00829,34,31.99,0,two-year,electronic-check,yes,none,0.0,0,Quebec,0
CUST-00830,39,58.19,0,month-to-month,electronic-check,yes,dsl,278.5,1,Quebec,0
CUST-00831,64,66.64,2,one-year,bank-transfer,yes,fiber,496.6,1,West,0
CUST-00832,18,49.11,2,month-to-month,electronic-check,yes,dsl,130.0,0,Ontario,0
CUST-00833,56,72.95,2,month-to-month,credit-card,yes,fiber,396.3,0,West,0
CUST-00834,26,66.97,1,one-year,mailed-check,no,fiber,525.0,0,West,0
CUST-00835,22,65.3,4,one-year,bank-transfer,yes,fiber,506.2,0,West,0
CUST-00836,30,83.98,1,one-year,credit-card,no,fiber,312.3,0,Ontario,0
CUST-00837,2,52.88,1,one-year,credit-card,yes,dsl,104.5,1,Ontario,0
CUST-00838,3,92.36,1,two-year,electronic-check,yes,fiber,499.1,0,Quebec,1
CUST-00839,5,63.58,2,month-to-month,mailed-check,yes,dsl,90.2,2,West,1
CUST-00840,40,64.38,1,month-to-month,mailed-check,no,fiber,508.4,1,Atlantic,1
CUST-00841,24,69.18,2,month-to-month,electronic-check,no,dsl,354.5,1,Quebec,0
CUST-00842,17,49.48,1,one-year,mailed-check,yes,dsl,221.7,0,Ontario,0
CUST-00843,28,77.72,0,month-to-month,electronic-check,yes,dsl,111.5,0,Ontario,0
CUST-00844,57,59.38,1,month-to-month,bank-transfer,yes,dsl,205.0,0,Quebec,0
CUST-00845,27,43.7,3,month-to-month,electronic-check,yes,none,99.9,1,Ontario,1
CUST-00846,11,73.33,1,two-year,credit-card,yes,fiber,448.4,0,Quebec,0
CUST-00847,72,59.79,2,month-to-month,credit-card,no,dsl,231.1,0,West,0
CUST-00848,29,54.59,0,one-year,bank-transfer,yes,dsl,122.0,1,Ontario,0
CUST-00849,67,63.28,1,month-to-month,credit-card,yes,fiber,378.5,1,Ontario,0
CUST-00850,52,76.57,2,two-year,mailed-check,yes,fiber,517.0,0,Ontario,0
CUST-00851,21,83.76,0,month-to-month,mailed-check,no,fiber,379.5,0,Ontario,0
CUST-00852,72,60.5,2,month-to-month,bank-transfer,yes,fiber,220.2,0,West,0
CUST-00853,18,89.17,1,two-year,electronic-check,yes,fiber,414.0,0,Ontario,1
CUST-00854,40,79.31,0,two-year,bank-transfer,no,fiber,466.7,0,Ontario,1
CUST-00855,36,52.41,1,month-to-month,credit-card,yes,dsl,280.0,0,Ontario,0
CUST-00856,39,68.22,4,month-to-month,bank-transfer,yes,fiber,579.9,0,Ontario,0
CUST-00857,72,76.57,0,one-year,credit-card,yes,dsl,197.2,1,West,0
CUST-00858,30,82.86,1,two-year,bank-transfer,no,fiber,496.0,2,Quebec,0
CUST-00859,34,68.97,1,month-to-month,credit-card,no,dsl,200.3,0,Quebec,1
CUST-00860,36,70.36,1,month-to-month,credit-card,yes,fiber,470.1,1,Quebec,0
CUST-00861,72,78.83,0,one-year,credit-card,yes,fiber,424.1,0,Ontario,0
CUST-00862,64,76.67,2,one-year,mailed-check,yes,fiber,472.8,0,Quebec,0
CUST-00863,7,55.17,2,one-year,credit-card,yes,dsl,128.0,0,Ontario,0
CUST-00864,19,74.15,1,one-year,bank-transfer,yes,fiber,608.3,0,Atlantic,1
CUST-00865,32,49.66,1,month-to-month,bank-transfer,yes,none,0.0,0,Ontario,0
CUST-00866,72,89.8,0,two-year,bank-transfer,yes,fiber,488.5,0,Quebec,0
CUST-00867,72,54.36,1,two-year,bank-transfer,no,dsl,217.2,1,Ontario,0
CUST-00868,29,59.21,1,one-year,credit-card,yes,fiber,471.6,0,West,0
CUST-00869,18,74.26,1,month-to-month,electronic-check,yes,dsl,89.5,1,Ontario,1
CUST-00870,26,90.39,0,month-to-month,bank-transfer,yes,fiber,297.4,0,Atlantic,0
CUST-00871,33,77.2,1,one-year,electronic-check,no,fiber,491.5,0,Ontario,0
CUST-00872,24,91.82,2,month-to-month,bank-transfer,no,fiber,554.0,0,West,0
CUST-00873,68,76.44,1,two-year,bank-transfer,no,fiber,458.7,1,West,0
CUST-00874,23,63.45,5,month-to-month,bank-transfer,yes,fiber,508.4,2,Ontario,0
CUST-00875,14,24.22,0,one-year,credit-card,yes,none,0.0,1,Ontario,0
CUST-00876,25,59.12,0,two-year,bank-transfer,yes,fiber,468.2,1,Ontario,0
CUST-00877,37,73.05,1,month-to-month,credit-card,no,fiber,544.2,1,West,1
CUST-00878,69,33.1,2,month-to-month,bank-transfer,yes,none,0.0,0,West,1
CUST-00879,13,66.92,0,one-year,electronic-check,yes,fiber,540.8,1,Ontario,0
CUST-00880,38,71.88,0,one-year,credit-card,yes,fiber,301.1,0,Ontario,1
CUST-00881,38,66.01,2,month-to-month,credit-card,yes,dsl,137.9,0,Ontario,1
CUST-00882,44,32.26,0,one-year,electronic-check,no,none,58.4,1,Ontario,0
CUST-00883,23,49.49,1,two-year,bank-transfer,yes,dsl,351.7,0,West,0
CUST-00884,43,67.95,1,month-to-month,electronic-check,yes,fiber,441.2,1,Ontario,0
CUST-00885,51,47.67,0,month-to-month,mailed-check,yes,none,0.0,0,Ontario,0
CUST-00886,22,72.26,2,month-to-month,mailed-check,yes,fiber,599.8,2,West,0
CUST-00887,34,40.94,0,month-to-month,bank-transfer,yes,none,1.3,0,West,0
CUST-00888,27,73.31,3,month-to-month,credit-card,no,dsl,246.5,0,West,0
CUST-00889,16,67.85,1,month-to-month,electronic-check,no,none,0.0,1,Ontario,1
CUST-00890,9,79.72,2,one-year,electronic-check,yes,fiber,452.1,1,Atlantic,0
CUST-00891,18,78.68,0,month-to-month,electronic-check,yes,fiber,392.2,1,Quebec,1
CUST-00892,19,44.56,0,two-year,bank-transfer,no,dsl,381.9,1,Quebec,0
CUST-00893,9,60.87,0,month-to-month,credit-card,no,dsl,291.3,1,Ontario,0
CUST-00894,41,57.65,1,month-to-month,credit-card,yes,dsl,340.3,1,West,0
CUST-00895,53,47.37,0,one-year,credit-card,yes,none,0.0,0,Quebec,0
CUST-00896,26,52.89,1,two-year,credit-card,no,dsl,34.9,0,West,0
CUST-00897,29,75.11,1,month-to-month,mailed-check,no,fiber,415.1,0,West,1
CUST-00898,20,79.35,3,month-to-month,credit-card,yes,fiber,653.9,3,West,1
CUST-00899,28,92.93,2,month-to-month,electronic-check,yes,fiber,412.6,0,West,0
CUST-00900,43,89.42,2,month-to-month,mailed-check,yes,fiber,529.4,0,Atlantic,1
CUST-00901,38,86.29,1,month-to-month,bank-transfer,no,fiber,352.9,0,Ontario,0
CUST-00902,28,64.63,1,month-to-month,bank-transfer,yes,dsl,119.5,1,Ontario,1
CUST-00903,19,52.47,0,month-to-month,electronic-check,no,dsl,183.2,0,West,0
CUST-00904,50,64.63,1,month-to-month,credit-card,yes,dsl,369.3,0,Quebec,1
CUST-00905,21,64.89,1,two-year,bank-transfer,yes,fiber,533.5,0,Quebec,0
CUST-00906,10,54.83,4,one-year,electronic-check,no,dsl,15.5,0,West,1
CUST-00907,33,75.67,1,month-to-month,electronic-check,no,dsl,246.7,0,Quebec,0
CUST-00908,6,62.65,0,month-to-month,electronic-check,no,dsl,92.4,0,West,0
CUST-00909,37,59.38,1,month-to-month,mailed-check,yes,dsl,132.1,0,Ontario,0
CUST-00910,38,60.73,1,month-to-month,bank-transfer,no,dsl,233.4,0,West,0
CUST-00911,18,56.01,1,one-year,electronic-check,no,dsl,308.9,2,Ontario,0
CUST-00912,20,50.36,0,two-year,electronic-check,no,fiber,554.7,0,Quebec,0
CUST-00913,55,43.72,0,two-year,electronic-check,yes,dsl,218.2,0,West,0
CUST-00914,72,79.48,1,two-year,electronic-check,no,fiber,469.4,1,Ontario,0
CUST-00915,30,63.33,0,two-year,electronic-check,yes,fiber,554.4,1,Ontario,0
CUST-00916,18,71.87,0,two-year,mailed-check,yes,fiber,306.1,1,Ontario,0
CUST-00917,39,44.11,2,month-to-month,bank-transfer,yes,dsl,345.3,0,Quebec,1
CUST-00918,27,49.45,2,month-to-month,electronic-check,yes,dsl,127.4,0,Ontario,1
CUST-00919,37,56.96,0,month-to-month,credit-card,no,dsl,212.2,0,Ontario,0
CUST-00920,33,82.7,2,month-to-month,bank-transfer,yes,fiber,397.8,0,West,0
CUST-00921,34,84.81,4,month-to-month,electronic-check,yes,fiber,341.7,4,Ontario,1
CUST-00922,4,49.29,1,two-year,electronic-check,no,dsl,229.2,2,Quebec,0
CUST-00923,20,76.22,2,one-year,bank-transfer,yes,fiber,460.1,2,Quebec,0
CUST-00924,19,23.03,1,month-to-month,bank-transfer,yes,none,3.0,1,Ontario,0
CUST-00925,18,73.59,2,month-to-month,bank-transfer,yes,fiber,427.0,1,Ontario,0
CUST-00926,46,67.01,0,month-to-month,credit-card,yes,dsl,319.7,1,Atlantic,0
CUST-00927,11,56.3,1,month-to-month,credit-card,yes,dsl,376.4,0,West,0
CUST-00928,4,70.81,3,two-year,mailed-check,no,dsl,296.5,0,Ontario,1
CUST-00929,18,81.79,3,one-year,credit-card,yes,fiber,463.6,1,West,0
CUST-00930,15,59.53,0,one-year,mailed-check,yes,dsl,50.8,0,Quebec,0
CUST-00931,30,54.38,1,month-to-month,credit-card,yes,dsl,243.3,0,Ontario,1
CUST-00932,15,51.39,3,month-to-month,electronic-check,no,dsl,247.1,1,West,1
CUST-00933,24,41.69,1,month-to-month,bank-transfer,yes,dsl,255.6,0,Quebec,0
CUST-00934,21,59.4,2,one-year,electronic-check,no,fiber,343.0,1,Ontario,1
CUST-00935,67,83.45,1,one-year,electronic-check,yes,fiber,512.3,1,West,0
CUST-00936,15,88.89,2,month-to-month,electronic-check,yes,fiber,572.7,0,Ontario,0
CUST-00937,44,61.65,1,two-year,mailed-check,yes,fiber,356.5,1,Ontario,0
CUST-00938,28,57.72,0,month-to-month,bank-transfer,yes,dsl,248.2,1,Ontario,0
CUST-00939,56,56.47,2,two-year,credit-card,yes,fiber,371.0,1,West,0
CUST-00940,72,62.74,0,month-to-month,credit-card,yes,fiber,431.1,1,West,0
CUST-00941,27,75.73,5,month-to-month,electronic-check,no,fiber,359.4,1,West,0
CUST-00942,6,67.55,0,two-year,bank-transfer,yes,fiber,410.2,1,Ontario,0
CUST-00943,11,52.88,3,month-to-month,bank-transfer,yes,fiber,410.8,0,West,1
CUST-00944,9,75.05,2,month-to-month,bank-transfer,yes,dsl,225.0,1,Quebec,0
CUST-00945,20,72.48,4,month-to-month,bank-transfer,yes,fiber,515.7,2,Ontario,1
CUST-00946,18,45.4,1,month-to-month,electronic-check,no,dsl,293.4,1,Ontario,1
CUST-00947,34,74.34,5,one-year,electronic-check,no,fiber,384.6,1,West,1
CUST-00948,53,72.15,1,two-year,electronic-check,no,fiber,470.6,0,Ontario,0
CUST-00949,5,61.43,3,two-year,electronic-check,yes,dsl,96.7,3,Quebec,0
CUST-00950,29,69.43,1,month-to-month,mailed-check,no,fiber,430.6,0,Quebec,1
CUST-00951,16,76.3,4,month-to-month,bank-transfer,no,fiber,443.6,0,Ontario,0
CUST-00952,30,47.91,0,month-to-month,mailed-check,yes,none,0.0,0,Atlantic,0
CUST-00953,20,24.16,2,month-to-month,credit-card,yes,none,59.5,1,West,0
CUST-00954,47,49.72,0,month-to-month,electronic-check,yes,dsl,176.8,1,Quebec,1
CUST-00955,12,81.81,1,two-year,electronic-check,no,fiber,453.1,0,West,1
CUST-00956,17,51.21,1,two-year,bank-transfer,yes,dsl,294.1,1,Quebec,0
CUST-00957,26,37.14,1,one-year,credit-card,yes,none,0.0,0,West,0
CUST-00958,22,33.06,0,month-to-month,bank-transfer,yes,none,84.3,2,Ontario,0
CUST-00959,26,68.72,0,month-to-month,bank-transfer,yes,fiber,562.6,0,Quebec,0
CUST-00960,7,67.82,0,month-to-month,mailed-check,yes,fiber,557.4,0,Ontario,1
CUST-00961,72,59.78,2,month-to-month,bank-transfer,yes,fiber,424.0,1,Quebec,0
CUST-00962,19,77.82,2,month-to-month,credit-card,yes,fiber,357.3,1,Quebec,0
CUST-00963,12,68.15,0,month-to-month,bank-transfer,yes,dsl,129.7,2,Ontario,0
CUST-00964,26,71.15,3,month-to-month,bank-transfer,no,fiber,305.1,0,Atlantic,0
CUST-00965,29,82.97,1,two-year,credit-card,yes,fiber,498.3,0,Ontario,0
CUST-00966,72,67.84,1,month-to-month,bank-transfer,yes,fiber,503.6,0,Ontario,1
CUST-00967,59,67.22,1,two-year,bank-transfer,yes,fiber,450.0,0,Ontario,0
CUST-00968,22,77.31,0,month-to-month,credit-card,yes,fiber,323.0,0,Quebec,0
CUST-00969,72,77.49,1,month-to-month,bank-transfer,no,fiber,409.0,0,Ontario,0
CUST-00970,72,71.82,1,month-to-month,bank-transfer,no,fiber,557.3,0,Quebec,0
CUST-00971,12,45.1,0,month-to-month,electronic-check,yes,none,63.8,0,West,0
CUST-00972,72,59.49,1,month-to-month,bank-transfer,yes,fiber,506.6,0,Ontario,1
CUST-00973,19,53.81,2,month-to-month,credit-card,yes,dsl,471.2,1,Atlantic,0
CUST-00974,32,83.13,1,two-year,mailed-check,yes,fiber,467.9,0,Ontario,0
CUST-00975,66,83.1,3,month-to-month,bank-transfer,yes,fiber,256.5,1,West,0
CUST-00976,5,81.78,2,one-year,credit-card,yes,fiber,346.4,1,Ontario,0
CUST-00977,26,83.72,0,month-to-month,electronic-check,yes,fiber,466.0,0,West,0
CUST-00978,36,69.09,0,month-to-month,credit-card,yes,fiber,441.6,1,West,1
CUST-00979,57,55.1,0,month-to-month,electronic-check,no,fiber,425.4,0,Ontario,0
CUST-00980,28,54.28,0,month-to-month,electronic-check,yes,dsl,176.9,0,Ontario,0
CUST-00981,5,79.68,2,two-year,mailed-check,no,fiber,373.3,2,Ontario,0
CUST-00982,72,81.39,4,two-year,mailed-check,no,fiber,471.8,1,Ontario,0
CUST-00983,29,51.47,1,one-year,credit-card,yes,dsl,308.5,1,Atlantic,0
CUST-00984,37,62.84,0,month-to-month,electronic-check,no,fiber,587.2,0,Quebec,0
CUST-00985,7,63.88,1,month-to-month,credit-card,yes,fiber,584.8,3,Quebec,0
CUST-00986,71,67.29,0,two-year,electronic-check,yes,fiber,358.7,0,Atlantic,0
CUST-00987,20,53.08,0,month-to-month,bank-transfer,yes,fiber,438.3,1,West,1
CUST-00988,16,67.46,1,month-to-month,credit-card,yes,fiber,413.3,1,West,0
CUST-00989,61,38.5,3,month-to-month,credit-card,yes,none,62.3,2,Ontario,1
CUST-00990,8,36.97,1,one-year,credit-card,yes,none,5.0,0,Ontario,1
CUST-00991,37,34.53,0,one-year,credit-card,no,none,0.0,0,Ontario,0
CUST-00992,15,65.76,2,one-year,credit-card,no,fiber,563.6,0,Ontario,0
CUST-00993,40,66.99,2,one-year,mailed-check,yes,fiber,448.4,1,Ontario,1
CUST-00994,48,67.17,3,month-to-month,bank-transfer,yes,fiber,450.6,0,Ontario,0
CUST-00995,19,80.41,0,two-year,electronic-check,yes,fiber,475.1,0,Ontario,0
CUST-00996,68,72.99,1,month-to-month,electronic-check,no,fiber,497.5,0,Quebec,0
CUST-00997,29,106.25,0,one-year,electronic-check,yes,fiber,498.0,0,Ontario,0
CUST-00998,72,69.51,2,month-to-month,bank-transfer,no,fiber,571.9,3,Ontario,0
CUST-00999,61,77.6,1,two-year,electronic-check,yes,fiber,330.7,0,Ontario,0
CUST-01000,32,69.74,1,month-to-month,electronic-check,yes,fiber,467.6,0,Quebec,0
CUST-01001,31,53.49,1,month-to-month,electronic-check,yes,dsl,181.3,0,West,0
CUST-01002,9,89.4,4,month-to-month,mailed-check,yes,fiber,414.4,0,West,1
CUST-01003,60,67.47,0,month-to-month,bank-transfer,yes,dsl,254.4,0,Ontario,0
CUST-01004,18,54.58,2,month-to-month,bank-transfer,no,fiber,550.2,1,Ontario,1
CUST-01005,34,46.26,0,one-year,mailed-check,yes,dsl,139.7,1,Ontario,1
CUST-01006,72,71.57,0,month-to-month,bank-transfer,yes,fiber,583.4,1,Ontario,1
CUST-01007,67,67.57,0,two-year,electronic-check,yes,fiber,318.3,1,Ontario,1
CUST-01008,13,57.16,0,month-to-month,credit-card,yes,fiber,490.2,0,Atlantic,0
CUST-01009,29,74.22,1,one-year,credit-card,yes,fiber,364.3,0,Ontario,0
CUST-01010,37,37.28,1,month-to-month,bank-transfer,no,dsl,135.4,0,Ontario,0
CUST-01011,72,74.33,1,one-year,credit-card,no,fiber,445.1,0,West,0
CUST-01012,66,80.66,0,one-year,mailed-check,yes,fiber,406.1,2,Quebec,1
CUST-01013,43,47.16,0,month-to-month,credit-card,yes,none,0.0,0,Ontario,0
CUST-01014,41,71.48,1,two-year,electronic-check,yes,fiber,492.0,0,Ontario,0
CUST-01015,29,72.86,0,month-to-month,credit-card,yes,dsl,256.3,1,Atlantic,0
CUST-01016,36,60.48,2,month-to-month,mailed-check,yes,dsl,176.3,0,Ontario,0
CUST-01017,24,81.88,0,one-year,bank-transfer,yes,fiber,419.6,0,Quebec,0
CUST-01018,51,65.27,0,two-year,credit-card,yes,fiber,408.3,1,West,0
CUST-01019,42,88.98,1,month-to-month,credit-card,no,fiber,294.5,0,Ontario,0
CUST-01020,59,56.97,0,month-to-month,bank-transfer,no,dsl,35.5,0,West,1
CUST-01021,58,89.56,3,two-year,mailed-check,yes,fiber,508.3,1,Ontario,0
CUST-01022,17,87.26,2,one-year,mailed-check,no,fiber,530.5,2,Ontario,0
CUST-01023,3,75.71,4,two-year,bank-transfer,no,fiber,490.7,2,Ontario,1
CUST-01024,16,61.26,1,month-to-month,bank-transfer,yes,dsl,222.2,1,Atlantic,0
CUST-01025,36,55.11,2,one-year,credit-card,no,dsl,256.5,1,Ontario,0
CUST-01026,24,29.4,3,month-to-month,bank-transfer,no,none,72.9,2,Ontario,0
CUST-01027,23,63.25,1,two-year,bank-transfer,yes,dsl,123.3,1,Atlantic,0
CUST-01028,16,62.71,1,month-to-month,credit-card,no,dsl,208.9,1,Ontario,0
CUST-01029,39,56.0,1,one-year,electronic-check,yes,fiber,414.8,0,West,0
CUST-01030,5,56.13,0,month-to-month,mailed-check,yes,dsl,166.0,0,West,0
CUST-01031,43,66.11,0,one-year,credit-card,no,dsl,286.9,0,Quebec,1
CUST-01032,44,88.39,3,one-year,credit-card,yes,fiber,573.8,0,West,0
CUST-01033,58,64.62,1,month-to-month,credit-card,yes,dsl,0.0,0,West,0
CUST-01034,72,41.07,0,two-year,credit-card,yes,dsl,168.3,0,Ontario,0
CUST-01035,2,61.93,2,month-to-month,credit-card,no,fiber,413.9,1,Atlantic,1
CUST-01036,42,69.37,3,one-year,electronic-check,no,fiber,538.7,0,Atlantic,0
CUST-01037,48,87.69,2,month-to-month,credit-card,yes,fiber,316.7,1,West,1
CUST-01038,16,50.63,1,month-to-month,electronic-check,yes,dsl,0.0,2,Quebec,1
CUST-01039,25,84.12,4,month-to-month,mailed-check,yes,fiber,509.8,0,Quebec,0
CUST-01040,20,50.46,0,month-to-month,mailed-check,yes,dsl,271.8,0,Quebec,0
CUST-01041,44,78.59,0,month-to-month,electronic-check,yes,fiber,288.4,0,Ontario,1
CUST-01042,62,47.13,3,one-year,credit-card,no,dsl,179.4,1,Quebec,0
CUST-01043,10,70.96,3,one-year,credit-card,yes,fiber,570.1,0,Quebec,0
CUST-01044,40,26.12,0,one-year,credit-card,yes,none,0.0,0,West,0
CUST-01045,71,88.15,2,month-to-month,mailed-check,no,fiber,448.6,0,Ontario,0
CUST-01046,17,65.7,1,month-to-month,mailed-check,yes,fiber,483.2,0,Quebec,0
CUST-01047,1,56.75,1,month-to-month,bank-transfer,yes,fiber,318.7,1,Quebec,0
CUST-01048,14,55.92,0,one-year,bank-transfer,yes,fiber,392.1,2,Quebec,1
CUST-01049,13,72.1,1,two-year,bank-transfer,yes,fiber,296.3,0,Atlantic,0
CUST-01050,15,52.19,2,month-to-month,credit-card,no,dsl,176.0,0,West,0
CUST-01051,72,44.81,1,one-year,mailed-check,yes,none,0.0,1,Ontario,0
CUST-01052,72,54.53,5,month-to-month,credit-card,no,dsl,207.7,1,Ontario,1
CUST-01053,72,69.24,2,month-to-month,bank-transfer,yes,dsl,244.0,0,West,0
CUST-01054,24,68.95,0,month-to-month,bank-transfer,yes,fiber,558.0,0,Ontario,0
CUST-01055,72,67.78,2,month-to-month,credit-card,yes,dsl,388.2,2,West,1
CUST-01056,3,47.0,1,one-year,bank-transfer,no,dsl,207.7,2,Ontario,0
CUST-01057,12,57.22,2,two-year,electronic-check,no,fiber,413.1,4,Ontario,0
CUST-01058,52,29.35,5,month-to-month,credit-card,yes,none,0.0,1,Ontario,1
CUST-01059,19,61.15,1,month-to-month,bank-transfer,yes,fiber,358.0,2,West,0
CUST-01060,11,43.97,1,one-year,bank-transfer,yes,dsl,228.1,0,Atlantic,0
CUST-01061,39,42.34,1,two-year,credit-card,yes,none,0.0,2,West,0
CUST-01062,39,54.22,2,one-year,credit-card,no,dsl,234.0,0,Quebec,0
CUST-01063,42,74.49,2,month-to-month,credit-card,yes,fiber,360.7,2,West,0
CUST-01064,46,62.54,1,one-year,credit-card,yes,dsl,150.4,1,Ontario,0
CUST-01065,37,55.3,1,month-to-month,bank-transfer,yes,fiber,476.8,1,Quebec,1
CUST-01066,27,62.98,3,two-year,electronic-check,yes,dsl,179.4,0,Atlantic,1
CUST-01067,31,60.35,0,month-to-month,electronic-check,no,fiber,276.8,2,Ontario,0
CUST-01068,52,50.94,1,one-year,mailed-check,yes,dsl,188.7,1,Atlantic,0
CUST-01069,36,20.0,0,month-to-month,bank-transfer,no,none,0.0,0,Ontario,0
CUST-01070,21,79.87,3,month-to-month,electronic-check,yes,fiber,540.4,1,Ontario,1
CUST-01071,16,55.26,2,two-year,electronic-check,no,fiber,522.5,0,Quebec,0
CUST-01072,31,44.4,0,one-year,credit-card,yes,dsl,0.0,1,West,0
CUST-01073,71,61.16,0,month-to-month,credit-card,yes,fiber,508.1,0,Ontario,0
CUST-01074,46,71.65,1,two-year,bank-transfer,yes,fiber,473.1,0,West,0
CUST-01075,72,71.33,1,two-year,electronic-check,yes,fiber,313.9,1,Ontario,0
CUST-01076,23,81.52,0,month-to-month,bank-transfer,no,fiber,514.7,0,West,0
CUST-01077,34,55.9,4,month-to-month,credit-card,no,dsl,81.2,0,Quebec,0
CUST-01078,38,67.14,1,month-to-month,mailed-check,yes,dsl,287.4,1,Ontario,0
CUST-01079,54,76.98,3,one-year,credit-card,yes,fiber,385.1,1,West,0
CUST-01080,23,63.07,2,month-to-month,mailed-check,yes,fiber,311.0,2,West,1
CUST-01081,46,65.99,0,month-to-month,electronic-check,yes,fiber,620.3,0,Quebec,1
CUST-01082,68,88.86,1,two-year,electronic-check,yes,fiber,308.6,2,Ontario,0
CUST-01083,28,69.89,1,two-year,electronic-check,yes,dsl,121.5,0,Ontario,0
CUST-01084,14,81.65,1,two-year,credit-card,yes,fiber,388.2,2,Atlantic,0
CUST-01085,70,67.03,1,two-year,electronic-check,no,dsl,151.3,0,West,0
CUST-01086,49,42.88,0,one-year,electronic-check,yes,none,71.4,0,West,0
CUST-01087,8,60.52,2,one-year,electronic-check,no,dsl,194.9,2,West,0
CUST-01088,29,57.52,0,one-year,credit-card,no,dsl,275.4,1,West,0
CUST-01089,72,90.84,1,month-to-month,credit-card,yes,fiber,471.6,1,Ontario,0
CUST-01090,44,68.12,3,month-to-month,bank-transfer,yes,fiber,297.8,0,Quebec,0
CUST-01091,31,75.52,1,month-to-month,bank-transfer,yes,fiber,486.7,0,West,1
CUST-01092,13,39.06,1,one-year,bank-transfer,yes,dsl,209.9,0,Ontario,1
CUST-01093,13,41.98,1,month-to-month,electronic-check,yes,dsl,136.9,1,Ontario,0
CUST-01094,52,92.06,2,month-to-month,electronic-check,yes,fiber,616.3,0,Quebec,0
CUST-01095,14,79.48,5,one-year,electronic-check,yes,fiber,491.7,1,West,0
CUST-01096,38,70.77,2,month-to-month,credit-card,no,fiber,520.0,0,West,0
CUST-01097,28,57.82,2,month-to-month,bank-transfer,no,dsl,273.0,0,Ontario,0
CUST-01098,37,42.74,2,two-year,bank-transfer,yes,dsl,154.3,3,Atlantic,0
CUST-01099,26,52.5,0,two-year,credit-card,no,dsl,243.8,0,Ontario,0
CUST-01100,42,41.69,0,month-to-month,credit-card,yes,dsl,216.9,0,Ontario,1
CUST-01101,58,69.9,1,month-to-month,bank-transfer,yes,fiber,392.7,1,Atlantic,0
CUST-01102,27,64.14,1,month-to-month,credit-card,yes,dsl,86.2,1,West,0
CUST-01103,55,61.76,1,one-year,bank-transfer,no,dsl,192.1,0,Atlantic,1
CUST-01104,72,89.69,0,two-year,credit-card,yes,fiber,489.9,1,West,0
CUST-01105,38,60.09,1,month-to-month,credit-card,yes,dsl,191.4,1,West,0
CUST-01106,51,46.98,0,one-year,credit-card,yes,fiber,424.5,2,Ontario,0
CUST-01107,11,77.48,1,month-to-month,electronic-check,yes,dsl,192.3,1,Ontario,0
CUST-01108,27,48.17,0,month-to-month,bank-transfer,yes,dsl,165.6,0,Atlantic,0
CUST-01109,7,39.7,1,two-year,bank-transfer,yes,none,143.7,0,West,0
CUST-01110,20,58.07,2,month-to-month,credit-card,yes,dsl,213.0,0,Ontario,0
CUST-01111,27,75.53,2,month-to-month,mailed-check,yes,fiber,398.7,1,Ontario,1
CUST-01112,72,57.5,2,month-to-month,bank-transfer,yes,dsl,36.3,0,Ontario,0
CUST-01113,16,57.69,1,one-year,electronic-check,yes,dsl,173.2,0,Ontario,0
CUST-01114,30,59.12,2,two-year,bank-transfer,yes,fiber,391.0,0,West,0
CUST-01115,14,84.16,1,two-year,electronic-check,yes,dsl,137.8,0,Ontario,0
CUST-01116,26,79.84,0,month-to-month,mailed-check,yes,fiber,520.1,0,Quebec,1
CUST-01117,43,57.54,3,month-to-month,bank-transfer,yes,dsl,196.8,3,Atlantic,0
CUST-01118,47,76.34,0,one-year,electronic-check,yes,dsl,47.0,2,Quebec,0
CUST-01119,23,61.74,1,month-to-month,credit-card,yes,fiber,492.6,1,Quebec,0
CUST-01120,18,82.12,3,two-year,electronic-check,yes,fiber,305.5,0,Ontario,0
CUST-01121,72,32.17,1,one-year,bank-transfer,yes,none,70.9,0,Ontario,0
CUST-01122,22,61.22,2,month-to-month,credit-card,no,dsl,149.6,2,Ontario,1
CUST-01123,3,61.46,0,two-year,mailed-check,yes,dsl,197.4,0,Ontario,0
CUST-01124,69,48.47,0,month-to-month,electronic-check,yes,fiber,437.9,1,Ontario,0
CUST-01125,5,22.97,3,month-to-month,credit-card,yes,none,0.0,1,Ontario,0
CUST-01126,69,89.66,1,month-to-month,mailed-check,yes,fiber,457.8,0,Ontario,0
CUST-01127,8,54.35,1,month-to-month,credit-card,no,dsl,197.0,0,Ontario,0
CUST-01128,9,94.02,1,one-year,bank-transfer,no,fiber,598.9,1,Atlantic,0
CUST-01129,12,70.76,0,one-year,electronic-check,yes,dsl,209.0,1,Ontario,0
CUST-01130,20,54.69,0,two-year,credit-card,yes,dsl,211.0,1,Ontario,0
CUST-01131,69,53.76,3,two-year,bank-transfer,yes,dsl,129.7,2,West,0
CUST-01132,12,74.31,2,month-to-month,electronic-check,yes,dsl,222.4,1,Ontario,0
CUST-01133,43,95.08,3,month-to-month,credit-card,yes,fiber,353.0,0,Quebec,0
CUST-01134,36,53.99,0,one-year,bank-transfer,yes,dsl,287.8,0,West,0
CUST-01135,32,89.15,2,two-year,credit-card,yes,fiber,313.8,1,Quebec,1
CUST-01136,61,83.82,1,month-to-month,electronic-check,yes,fiber,368.3,0,Ontario,0
CUST-01137,34,85.63,1,month-to-month,credit-card,yes,fiber,301.5,1,West,0
CUST-01138,36,58.06,0,month-to-month,credit-card,yes,dsl,225.7,0,West,0
CUST-01139,50,49.94,1,month-to-month,electronic-check,no,dsl,154.0,0,Ontario,0
CUST-01140,21,45.93,1,one-year,credit-card,yes,dsl,248.3,1,Ontario,0
CUST-01141,30,59.31,0,month-to-month,bank-transfer,no,fiber,357.1,2,Ontario,0
CUST-01142,38,77.06,4,one-year,electronic-check,yes,dsl,235.2,0,West,0
CUST-01143,57,73.11,1,two-year,electronic-check,yes,fiber,489.3,2,Ontario,0
CUST-01144,27,60.98,0,two-year,credit-card,yes,fiber,458.0,0,Ontario,0
CUST-01145,30,83.53,1,month-to-month,electronic-check,yes,fiber,442.6,0,Quebec,1
CUST-01146,42,67.97,3,month-to-month,electronic-check,no,fiber,451.7,0,Atlantic,0
CUST-01147,28,66.16,1,one-year,bank-transfer,no,fiber,362.6,0,Ontario,0
CUST-01148,17,78.71,2,one-year,electronic-check,yes,dsl,98.6,1,Ontario,1
CUST-01149,50,59.03,1,month-to-month,electronic-check,yes,fiber,486.2,1,Ontario,0
CUST-01150,34,75.47,2,two-year,electronic-check,yes,fiber,408.7,2,West,1
CUST-01151,22,66.8,2,month-to-month,bank-transfer,no,fiber,478.5,0,Quebec,1
CUST-01152,12,49.12,0,two-year,electronic-check,yes,dsl,321.8,1,West,0
CUST-01153,5,57.63,0,month-to-month,mailed-check,no,fiber,401.1,2,Ontario,1
CUST-01154,43,73.63,2,month-to-month,bank-transfer,yes,fiber,389.0,1,Ontario,1
CUST-01155,16,47.82,1,month-to-month,electronic-check,yes,dsl,162.4,0,Ontario,0
CUST-01156,7,79.21,4,month-to-month,electronic-check,yes,fiber,443.3,0,Ontario,1
CUST-01157,15,56.51,3,month-to-month,electronic-check,no,dsl,242.2,1,Quebec,1
CUST-01158,38,69.72,0,month-to-month,mailed-check,yes,fiber,437.6,0,West,1
CUST-01159,16,63.88,3,month-to-month,credit-card,yes,fiber,616.7,1,Ontario,1
CUST-01160,39,88.02,2,one-year,credit-card,yes,fiber,475.8,0,West,0
CUST-01161,19,64.72,0,month-to-month,bank-transfer,yes,dsl,256.4,0,Ontario,0
CUST-01162,30,65.85,1,one-year,bank-transfer,yes,fiber,436.9,0,Quebec,0
CUST-01163,32,42.73,1,two-year,bank-transfer,no,dsl,276.0,0,Ontario,0
CUST-01164,48,53.18,0,month-to-month,electronic-check,yes,fiber,422.6,0,Quebec,0
CUST-01165,49,68.94,1,month-to-month,mailed-check,no,dsl,135.2,0,Ontario,0
CUST-01166,31,82.55,0,two-year,bank-transfer,yes,fiber,517.0,1,Atlantic,0
CUST-01167,13,83.99,2,two-year,electronic-check,no,fiber,435.1,2,West,0
CUST-01168,65,71.74,2,month-to-month,credit-card,no,fiber,460.8,1,West,0
CUST-01169,22,65.46,1,two-year,bank-transfer,yes,dsl,273.5,0,West,0
CUST-01170,2,83.79,2,month-to-month,credit-card,no,fiber,451.8,0,Ontario,0
CUST-01171,37,37.27,2,month-to-month,bank-transfer,yes,none,0.0,0,Quebec,0
CUST-01172,38,53.24,1,one-year,bank-transfer,no,dsl,144.5,1,Ontario,0
CUST-01173,23,27.75,2,month-to-month,electronic-check,yes,none,102.2,0,West,1
CUST-01174,8,77.47,0,one-year,electronic-check,yes,fiber,411.0,0,Ontario,1
CUST-01175,6,62.87,0,month-to-month,bank-transfer,yes,dsl,185.7,1,Ontario,0
CUST-01176,24,52.73,1,one-year,credit-card,no,dsl,214.4,0,West,0
CUST-01177,12,53.97,0,month-to-month,credit-card,no,dsl,214.0,2,Ontario,1
CUST-01178,57,35.72,2,month-to-month,mailed-check,yes,none,98.2,0,West,1
CUST-01179,23,65.31,1,month-to-month,mailed-check,no,dsl,184.1,1,Ontario,1
CUST-01180,21,42.57,2,month-to-month,bank-transfer,no,dsl,307.0,2,West,1
CUST-01181,72,45.39,2,one-year,credit-card,no,dsl,168.9,2,West,0
CUST-01182,2,61.6,0,month-to-month,bank-transfer,yes,fiber,471.5,0,Quebec,1
CUST-01183,30,55.44,0,month-to-month,electronic-check,yes,dsl,174.4,1,Ontario,1
CUST-01184,5,76.31,1,month-to-month,bank-transfer,yes,fiber,617.9,1,Ontario,0
CUST-01185,70,26.78,1,month-to-month,credit-card,no,none,0.0,0,Ontario,0
CUST-01186,7,66.54,2,two-year,bank-transfer,yes,dsl,167.9,0,Ontario,0
CUST-01187,39,88.36,0,month-to-month,credit-card,no,fiber,449.8,1,Quebec,0
CUST-01188,35,77.34,1,two-year,bank-transfer,no,fiber,417.3,0,Ontario,0
CUST-01189,5,84.79,0,month-to-month,credit-card,yes,fiber,466.7,0,Ontario,0
CUST-01190,39,63.39,4,one-year,electronic-check,no,fiber,544.5,0,Ontario,0
CUST-01191,19,63.64,1,month-to-month,bank-transfer,yes,fiber,452.5,2,Atlantic,0
CUST-01192,45,62.4,2,month-to-month,credit-card,yes,dsl,205.7,1,Ontario,0
CUST-01193,18,56.6,2,two-year,bank-transfer,yes,dsl,170.5,3,Ontario,0
CUST-01194,40,47.62,1,two-year,bank-transfer,no,dsl,147.1,0,Quebec,0
CUST-01195,27,87.96,2,two-year,electronic-check,no,fiber,448.2,0,Ontario,0
CUST-01196,39,60.14,3,month-to-month,mailed-check,no,dsl,190.6,0,Atlantic,0
CUST-01197,44,80.37,0,month-to-month,credit-card,yes,fiber,539.7,0,Ontario,0
CUST-01198,25,49.92,1,one-year,mailed-check,yes,dsl,108.5,1,West,0
CUST-01199,22,90.64,0,month-to-month,electronic-check,no,fiber,563.6,0,Quebec,0
CUST-01200,44,71.36,1,one-year,electronic-check,no,fiber,427.5,2,West,0
CUST-01201,19,83.7,0,one-year,bank-transfer,no,fiber,452.6,0,West,0
CUST-01202,26,50.88,3,month-to-month,bank-transfer,no,dsl,99.5,2,West,0
CUST-01203,72,74.77,3,two-year,credit-card,no,fiber,487.8,0,Quebec,0
CUST-01204,30,62.86,0,one-year,mailed-check,yes,dsl,108.4,2,Quebec,0
CUST-01205,50,77.95,2,month-to-month,electronic-check,no,dsl,221.7,0,West,0
CUST-01206,17,52.38,1,month-to-month,bank-transfer,yes,dsl,213.4,2,Quebec,0
CUST-01207,39,75.13,5,one-year,bank-transfer,no,fiber,412.3,1,Quebec,0
CUST-01208,26,79.21,0,month-to-month,credit-card,yes,fiber,264.5,0,Ontario,1
CUST-01209,22,58.14,2,month-to-month,credit-card,no,fiber,623.7,0,Ontario,1
CUST-01210,4,50.17,0,month-to-month,electronic-check,yes,fiber,350.4,0,Ontario,1
CUST-01211,12,46.54,2,one-year,bank-transfer,yes,dsl,213.2,1,Ontario,1
CUST-01212,72,83.16,2,two-year,electronic-check,yes,fiber,378.0,1,Ontario,0
CUST-01213,27,91.02,0,one-year,electronic-check,no,fiber,529.1,4,Ontario,0
CUST-01214,30,63.31,1,month-to-month,electronic-check,no,fiber,407.7,0,Quebec,1
CUST-01215,56,44.22,2,month-to-month,electronic-check,no,dsl,126.1,0,West,0
CUST-01216,37,89.11,3,month-to-month,credit-card,yes,fiber,490.6,1,Quebec,0
CUST-01217,22,51.06,0,month-to-month,electronic-check,yes,dsl,81.9,0,West,0
CUST-01218,23,69.1,1,one-year,electronic-check,no,fiber,404.9,0,Ontario,0
CUST-01219,12,53.32,2,one-year,credit-card,no,none,70.7,1,Ontario,0
CUST-01220,42,70.59,0,month-to-month,credit-card,no,dsl,318.1,0,West,0
CUST-01221,43,82.81,0,month-to-month,credit-card,yes,fiber,358.2,1,West,0
CUST-01222,30,55.03,1,month-to-month,credit-card,no,fiber,388.0,2,West,0
CUST-01223,27,59.79,2,two-year,bank-transfer,yes,fiber,469.9,0,West,0
CUST-01224,43,84.77,1,one-year,credit-card,no,fiber,270.2,0,West,0
CUST-01225,11,76.34,0,month-to-month,electronic-check,yes,fiber,555.4,1,West,1
CUST-01226,38,48.83,0,two-year,credit-card,yes,dsl,105.0,2,West,0
CUST-01227,72,53.38,0,month-to-month,credit-card,yes,dsl,152.8,1,West,0
CUST-01228,17,84.67,1,month-to-month,credit-card,no,fiber,462.2,0,Ontario,1
CUST-01229,25,73.04,0,two-year,credit-card,yes,dsl,194.4,0,Ontario,0
CUST-01230,68,72.94,0,month-to-month,mailed-check,no,fiber,358.1,2,Ontario,0
CUST-01231,30,30.79,0,month-to-month,credit-card,yes,none,158.3,1,Quebec,1
CUST-01232,52,70.11,0,one-year,credit-card,no,fiber,221.1,0,West,0
CUST-01233,40,71.1,0,month-to-month,credit-card,yes,dsl,94.6,1,Ontario,0
CUST-01234,42,70.9,0,one-year,bank-transfer,yes,dsl,135.9,2,Ontario,0
CUST-01235,17,75.04,0,month-to-month,electronic-check,no,fiber,359.3,1,West,1
CUST-01236,16,67.44,2,month-to-month,electronic-check,yes,fiber,543.7,1,Ontario,0
CUST-01237,48,84.37,1,month-to-month,bank-transfer,yes,fiber,299.0,0,West,0
CUST-01238,8,74.04,1,month-to-month,electronic-check,yes,dsl,322.4,1,Ontario,0
CUST-01239,26,41.74,3,month-to-month,bank-transfer,no,dsl,166.4,2,Ontario,0
CUST-01240,43,54.56,1,month-to-month,electronic-check,yes,dsl,74.3,1,Ontario,0
CUST-01241,25,69.14,1,two-year,bank-transfer,yes,dsl,11.4,1,Ontario,0
CUST-01242,27,57.77,1,month-to-month,credit-card,yes,dsl,171.7,1,Ontario,1
CUST-01243,54,67.87,1,month-to-month,electronic-check,no,fiber,380.3,1,Ontario,0
CUST-01244,72,74.94,1,month-to-month,electronic-check,yes,fiber,460.1,0,Ontario,0
CUST-01245,72,60.89,1,month-to-month,bank-transfer,yes,dsl,151.7,1,Ontario,0
CUST-01246,69,61.17,0,month-to-month,mailed-check,yes,fiber,521.2,3,West,0
CUST-01247,21,57.95,2,one-year,electronic-check,yes,dsl,177.9,0,Ontario,1
CUST-01248,14,76.86,1,month-to-month,credit-card,yes,fiber,404.0,0,Ontario,0
CUST-01249,21,67.85,1,two-year,electronic-check,yes,fiber,522.7,0,Ontario,0
CUST-01250,43,48.82,1,two-year,electronic-check,yes,dsl,209.4,0,Atlantic,1
CUST-01251,23,67.35,0,month-to-month,bank-transfer,yes,fiber,505.8,1,West,0
CUST-01252,17,62.81,1,month-to-month,bank-transfer,yes,fiber,537.6,1,Atlantic,1
CUST-01253,72,81.93,0,month-to-month,electronic-check,yes,fiber,415.0,0,Atlantic,1
CUST-01254,22,46.67,2,one-year,electronic-check,no,dsl,193.3,1,Ontario,0
CUST-01255,41,58.98,1,month-to-month,bank-transfer,yes,dsl,261.7,1,West,0
CUST-01256,40,69.07,2,two-year,credit-card,no,fiber,231.7,1,Ontario,0
CUST-01257,5,65.59,1,one-year,bank-transfer,yes,fiber,431.3,2,West,0
CUST-01258,72,87.4,1,two-year,mailed-check,yes,fiber,420.9,0,Ontario,0
CUST-01259,11,36.63,0,month-to-month,electronic-check,yes,none,43.8,1,Ontario,0
CUST-01260,7,65.97,1,two-year,credit-card,yes,fiber,371.9,1,Atlantic,0
CUST-01261,20,29.97,0,month-to-month,mailed-check,no,none,105.1,0,West,1
CUST-01262,14,60.56,1,month-to-month,electronic-check,yes,dsl,127.3,0,Atlantic,1
CUST-01263,68,81.68,2,month-to-month,bank-transfer,yes,fiber,401.0,1,Ontario,0
CUST-01264,36,70.34,1,two-year,credit-card,yes,dsl,133.5,0,Ontario,0
CUST-01265,19,55.24,0,one-year,bank-transfer,yes,dsl,294.5,2,Ontario,0
CUST-01266,7,54.61,4,one-year,credit-card,no,dsl,12.7,0,Quebec,0
CUST-01267,39,74.38,1,month-to-month,bank-transfer,yes,fiber,591.9,0,Quebec,0
CUST-01268,24,58.75,2,two-year,electronic-check,no,dsl,315.2,1,Ontario,0
CUST-01269,43,48.89,4,month-to-month,mailed-check,no,dsl,142.0,2,West,1
CUST-01270,36,72.36,1,month-to-month,bank-transfer,no,dsl,277.3,2,Ontario,0
CUST-01271,15,38.23,1,two-year,electronic-check,yes,none,23.1,1,West,0
CUST-01272,47,78.61,0,month-to-month,mailed-check,yes,fiber,580.5,1,West,0
CUST-01273,9,61.46,3,month-to-month,credit-card,yes,dsl,270.8,1,Quebec,1
CUST-01274,23,61.24,0,one-year,credit-card,no,dsl,376.4,1,Ontario,0
CUST-01275,25,62.46,1,month-to-month,electronic-check,yes,fiber,307.2,0,Ontario,0
CUST-01276,28,72.93,1,month-to-month,electronic-check,yes,fiber,456.3,0,Ontario,0
CUST-01277,9,96.95,2,month-to-month,bank-transfer,yes,fiber,293.5,0,West,1
CUST-01278,66,73.67,1,month-to-month,electronic-check,no,dsl,145.9,0,Quebec,1
CUST-01279,15,74.65,2,two-year,electronic-check,yes,fiber,631.2,0,Ontario,0
CUST-01280,5,53.15,1,one-year,electronic-check,yes,dsl,229.8,0,Atlantic,0
CUST-01281,37,49.71,0,month-to-month,electronic-check,no,fiber,523.7,0,West,0
CUST-01282,72,67.78,2,month-to-month,credit-card,no,fiber,483.7,0,West,0
CUST-01283,5,56.18,2,month-to-month,credit-card,no,dsl,228.3,0,Quebec,1
CUST-01284,12,69.67,0,one-year,credit-card,yes,fiber,395.6,0,Atlantic,0
CUST-01285,54,54.4,1,two-year,mailed-check,yes,dsl,129.8,0,Ontario,0
CUST-01286,30,79.54,4,two-year,mailed-check,yes,fiber,393.3,0,Ontario,0
CUST-01287,9,46.5,1,month-to-month,electronic-check,yes,dsl,0.0,1,West,0
CUST-01288,25,75.86,1,month-to-month,credit-card,yes,fiber,433.0,1,West,0
CUST-01289,72,36.84,1,month-to-month,bank-transfer,yes,none,32.4,0,Quebec,0
CUST-01290,71,47.74,0,one-year,credit-card,yes,dsl,137.4,0,Ontario,0
CUST-01291,72,90.58,1,month-to-month,bank-transfer,yes,fiber,428.9,0,Ontario,0
CUST-01292,49,80.85,1,one-year,credit-card,no,fiber,484.6,1,West,0
CUST-01293,20,64.74,4,month-to-month,electronic-check,yes,fiber,515.2,1,West,1
CUST-01294,54,62.43,1,month-to-month,credit-card,no,dsl,88.2,0,Ontario,0
CUST-01295,16,42.41,3,month-to-month,electronic-check,no,dsl,122.4,1,Ontario,1
CUST-01296,27,66.03,0,month-to-month,mailed-check,yes,fiber,504.0,0,West,1
CUST-01297,16,86.94,3,month-to-month,electronic-check,yes,fiber,490.1,0,West,1
CUST-01298,48,60.69,2,month-to-month,credit-card,no,dsl,304.3,2,Quebec,0
CUST-01299,45,59.85,1,one-year,mailed-check,no,dsl,300.7,0,Quebec,0
CUST-01300,18,67.36,2,month-to-month,electronic-check,yes,dsl,395.3,1,Atlantic,0
CUST-01301,62,79.42,0,month-to-month,bank-transfer,yes,fiber,415.1,0,Ontario,0
CUST-01302,72,54.21,2,one-year,electronic-check,no,dsl,324.2,0,Quebec,0
CUST-01303,20,47.83,2,one-year,electronic-check,yes,none,0.0,0,Quebec,1
CUST-01304,40,55.27,3,month-to-month,bank-transfer,no,fiber,643.5,0,Quebec,0
CUST-01305,72,65.99,2,two-year,bank-transfer,yes,fiber,478.6,1,West,0
CUST-01306,37,71.98,2,two-year,bank-transfer,no,fiber,486.1,1,Quebec,0
CUST-01307,23,62.75,2,one-year,credit-card,yes,dsl,274.1,0,Quebec,0
CUST-01308,28,69.59,1,one-year,electronic-check,yes,fiber,324.8,1,Ontario,0
CUST-01309,20,20.0,2,month-to-month,credit-card,no,none,0.0,0,West,0
CUST-01310,64,36.79,2,two-year,bank-transfer,yes,dsl,199.8,0,Ontario,0
CUST-01311,59,56.29,1,month-to-month,bank-transfer,yes,dsl,219.4,0,Ontario,0
CUST-01312,72,51.98,0,two-year,credit-card,yes,dsl,367.0,0,Quebec,0
CUST-01313,16,63.45,1,one-year,bank-transfer,yes,fiber,359.3,0,Quebec,0
CUST-01314,19,45.69,2,month-to-month,electronic-check,no,dsl,320.9,1,Atlantic,0
CUST-01315,8,74.4,1,month-to-month,credit-card,yes,fiber,417.4,1,West,1
CUST-01316,44,70.67,0,one-year,credit-card,yes,dsl,166.2,0,West,0
CUST-01317,11,39.41,1,one-year,electronic-check,yes,none,0.0,2,Ontario,0
CUST-01318,72,70.81,2,month-to-month,mailed-check,yes,dsl,164.1,1,Quebec,1
CUST-01319,14,53.07,1,one-year,bank-transfer,yes,dsl,231.4,1,Atlantic,0
CUST-01320,4,77.66,1,two-year,bank-transfer,yes,fiber,406.4,0,Ontario,0
CUST-01321,11,71.2,0,month-to-month,credit-card,yes,dsl,70.1,0,West,1
CUST-01322,36,55.34,0,month-to-month,credit-card,yes,dsl,167.2,0,Quebec,0
CUST-01323,28,57.27,2,month-to-month,bank-transfer,yes,dsl,228.8,0,Ontario,0
CUST-01324,14,69.07,2,one-year,mailed-check,yes,fiber,320.8,1,Quebec,0
CUST-01325,26,79.22,0,month-to-month,electronic-check,yes,fiber,489.5,0,Ontario,0
CUST-01326,18,66.47,1,two-year,bank-transfer,yes,dsl,290.3,0,Ontario,0
CUST-01327,43,76.69,2,month-to-month,mailed-check,yes,fiber,565.8,0,Ontario,1
CUST-01328,11,54.59,1,one-year,bank-transfer,no,dsl,218.7,2,Ontario,0
CUST-01329,33,41.25,2,month-to-month,credit-card,yes,dsl,36.6,0,Ontario,1
CUST-01330,34,37.49,1,month-to-month,bank-transfer,no,none,67.0,0,West,0
CUST-01331,28,70.98,4,one-year,credit-card,no,fiber,522.2,1,Ontario,0
CUST-01332,39,40.48,2,month-to-month,mailed-check,no,none,0.0,0,West,0
CUST-01333,26,74.23,3,month-to-month,bank-transfer,no,fiber,433.8,0,Quebec,0
CUST-01334,48,89.51,0,two-year,electronic-check,yes,fiber,481.1,0,Ontario,0
CUST-01335,28,49.69,1,two-year,bank-transfer,yes,dsl,341.9,0,Ontario,0
CUST-01336,66,56.46,0,two-year,mailed-check,no,fiber,418.3,1,Atlantic,0
CUST-01337,33,61.0,1,month-to-month,electronic-check,yes,fiber,515.8,0,Quebec,0
CUST-01338,63,66.35,2,one-year,bank-transfer,yes,fiber,466.9,0,Atlantic,0
CUST-01339,18,68.36,0,two-year,credit-card,yes,dsl,207.0,0,Ontario,0
CUST-01340,13,43.38,0,month-to-month,mailed-check,yes,dsl,303.1,4,West,0
CUST-01341,48,60.78,1,month-to-month,bank-transfer,yes,fiber,369.3,1,West,0
CUST-01342,29,77.35,2,two-year,credit-card,yes,fiber,459.6,1,Atlantic,0
CUST-01343,3,65.92,1,month-to-month,electronic-check,yes,dsl,192.3,1,Ontario,0
CUST-01344,16,56.73,0,one-year,credit-card,no,fiber,311.9,1,Atlantic,0
CUST-01345,37,38.39,1,two-year,credit-card,no,dsl,294.8,1,Ontario,0
CUST-01346,27,29.74,0,one-year,bank-transfer,yes,none,82.5,1,West,0
CUST-01347,15,63.9,1,month-to-month,bank-transfer,yes,dsl,192.9,2,Quebec,0
CUST-01348,28,58.5,3,month-to-month,bank-transfer,yes,dsl,167.8,0,Quebec,0
CUST-01349,32,49.13,1,month-to-month,credit-card,yes,dsl,190.0,0,Ontario,1
CUST-01350,6,64.76,2,month-to-month,credit-card,no,dsl,250.1,0,West,0
CUST-01351,62,74.31,2,one-year,credit-card,yes,fiber,444.5,0,Ontario,0
CUST-01352,71,71.87,0,two-year,credit-card,no,fiber,383.3,2,Quebec,0
CUST-01353,16,40.05,1,month-to-month,mailed-check,yes,dsl,146.0,1,Quebec,1
CUST-01354,72,64.91,4,month-to-month,bank-transfer,yes,fiber,439.0,1,West,0
CUST-01355,27,77.55,1,two-year,bank-transfer,yes,dsl,110.7,1,Quebec,0
CUST-01356,17,53.47,0,month-to-month,bank-transfer,yes,dsl,218.3,0,West,1
CUST-01357,17,27.95,1,month-to-month,electronic-check,yes,none,0.0,0,Quebec,1
CUST-01358,72,68.99,0,month-to-month,credit-card,yes,fiber,358.9,2,West,0
CUST-01359,12,74.25,3,one-year,credit-card,yes,fiber,711.4,1,West,0
CUST-01360,32,66.28,1,month-to-month,electronic-check,yes,dsl,354.9,2,West,0
CUST-01361,35,79.52,0,one-year,bank-transfer,no,fiber,452.2,0,West,0
CUST-01362,48,49.9,2,month-to-month,electronic-check,yes,dsl,262.3,0,Quebec,0
CUST-01363,31,70.35,0,one-year,mailed-check,yes,dsl,276.8,0,Ontario,0
CUST-01364,72,46.55,1,month-to-month,electronic-check,no,none,5.6,0,West,0
CUST-01365,72,52.33,0,month-to-month,credit-card,yes,dsl,214.0,2,Ontario,0
CUST-01366,72,71.65,0,month-to-month,credit-card,yes,fiber,417.7,2,Ontario,0
CUST-01367,38,79.31,1,month-to-month,credit-card,yes,fiber,546.7,2,West,1
CUST-01368,55,68.28,3,month-to-month,electronic-check,yes,dsl,297.9,1,Quebec,0
CUST-01369,23,57.05,1,month-to-month,mailed-check,no,fiber,572.8,0,Quebec,0
CUST-01370,63,73.74,1,month-to-month,mailed-check,yes,fiber,462.6,0,Atlantic,0
CUST-01371,18,72.67,1,month-to-month,credit-card,yes,fiber,624.3,2,Ontario,0
CUST-01372,13,67.01,1,two-year,electronic-check,yes,fiber,433.5,1,Ontario,1
CUST-01373,13,50.95,2,month-to-month,bank-transfer,yes,dsl,364.0,1,Ontario,0
CUST-01374,44,84.07,1,one-year,electronic-check,yes,fiber,400.6,1,Ontario,0
CUST-01375,72,62.61,1,two-year,bank-transfer,yes,dsl,79.7,0,West,0
CUST-01376,72,95.12,2,month-to-month,credit-card,yes,fiber,612.4,2,West,0
CUST-01377,3,51.02,3,one-year,credit-card,yes,dsl,246.1,2,Quebec,0
CUST-01378,57,74.44,1,two-year,mailed-check,yes,fiber,484.1,0,Ontario,0
CUST-01379,13,60.25,1,one-year,bank-transfer,no,dsl,159.4,1,Quebec,0
CUST-01380,72,82.41,2,month-to-month,bank-transfer,no,fiber,368.2,1,Ontario,0
CUST-01381,9,71.26,0,month-to-month,bank-transfer,yes,dsl,126.2,1,West,0
CUST-01382,6,73.98,0,month-to-month,bank-transfer,no,fiber,451.8,0,Quebec,1
CUST-01383,58,61.5,3,month-to-month,mailed-check,yes,fiber,427.2,0,Ontario,0
CUST-01384,22,65.54,0,two-year,credit-card,no,fiber,275.1,0,West,0
CUST-01385,21,58.5,2,two-year,credit-card,no,dsl,334.0,2,West,0
CUST-01386,15,49.79,1,month-to-month,electronic-check,no,none,0.0,1,Ontario,0
CUST-01387,18,57.81,0,one-year,bank-transfer,no,fiber,545.3,0,Quebec,0
CUST-01388,60,60.71,0,month-to-month,credit-card,no,fiber,380.0,1,Quebec,1
CUST-01389,13,64.95,2,two-year,credit-card,yes,dsl,203.2,1,Ontario,0
CUST-01390,26,43.42,2,month-to-month,credit-card,no,dsl,272.6,0,Ontario,1
CUST-01391,12,61.19,0,two-year,credit-card,yes,fiber,510.9,1,West,0
CUST-01392,32,68.93,0,two-year,credit-card,yes,dsl,167.2,1,Atlantic,0
CUST-01393,20,54.68,0,month-to-month,credit-card,yes,dsl,233.3,1,Quebec,0
CUST-01394,41,53.87,2,month-to-month,electronic-check,yes,dsl,247.5,0,Quebec,0
CUST-01395,45,87.37,1,two-year,electronic-check,yes,fiber,427.4,0,West,0
CUST-01396,72,61.84,0,month-to-month,mailed-check,yes,fiber,345.3,1,Quebec,0
CUST-01397,72,59.73,1,month-to-month,bank-transfer,yes,fiber,386.9,0,Ontario,0
CUST-01398,17,74.11,0,two-year,credit-card,yes,dsl,157.8,0,Ontario,0
CUST-01399,49,75.45,1,one-year,mailed-check,yes,fiber,442.2,0,West,0
CUST-01400,20,64.14,1,month-to-month,electronic-check,yes,dsl,325.4,0,West,0
CUST-01401,44,53.73,1,month-to-month,bank-transfer,yes,dsl,267.1,0,Atlantic,0
CUST-01402,43,55.88,2,month-to-month,credit-card,no,dsl,120.6,3,Ontario,0
CUST-01403,42,65.61,1,two-year,bank-transfer,yes,fiber,596.1,0,Quebec,0
CUST-01404,51,76.34,1,month-to-month,bank-transfer,yes,fiber,433.3,2,Quebec,1
CUST-01405,33,81.73,3,month-to-month,bank-transfer,no,fiber,497.1,0,Ontario,0
CUST-01406,22,59.06,1,month-to-month,credit-card,no,dsl,110.2,1,Ontario,0
CUST-01407,32,49.14,2,two-year,mailed-check,yes,none,0.0,0,West,0
CUST-01408,72,79.96,1,month-to-month,bank-transfer,yes,fiber,528.2,0,West,0
CUST-01409,18,45.99,0,two-year,bank-transfer,yes,dsl,115.3,0,West,0
CUST-01410,23,71.48,1,one-year,credit-card,no,fiber,444.7,1,Ontario,0
CUST-01411,16,68.29,1,two-year,electronic-check,no,fiber,480.0,0,Quebec,0
CUST-01412,4,80.91,1,two-year,electronic-check,no,fiber,353.1,2,Ontario,1
CUST-01413,28,61.85,0,two-year,credit-card,no,dsl,38.9,0,Ontario,0
CUST-01414,46,74.34,1,two-year,bank-transfer,no,fiber,517.1,0,Quebec,0
CUST-01415,14,83.64,1,month-to-month,electronic-check,yes,fiber,683.4,2,Ontario,1
CUST-01416,72,37.41,1,one-year,electronic-check,yes,dsl,229.0,2,Atlantic,0
CUST-01417,40,50.67,1,month-to-month,credit-card,yes,dsl,245.3,0,Quebec,1
CUST-01418,60,67.56,1,month-to-month,electronic-check,yes,fiber,364.9,1,Ontario,1
CUST-01419,37,75.64,2,two-year,bank-transfer,yes,fiber,564.9,0,Ontario,0
CUST-01420,26,62.8,0,two-year,credit-card,yes,dsl,158.0,0,West,0
CUST-01421,22,72.99,2,one-year,credit-card,no,fiber,538.9,0,Ontario,0
CUST-01422,36,59.19,2,month-to-month,credit-card,yes,fiber,491.6,0,Ontario,0
CUST-01423,39,61.27,1,month-to-month,credit-card,no,dsl,243.7,0,Quebec,0
CUST-01424,20,74.34,2,month-to-month,bank-transfer,no,fiber,490.4,0,Ontario,1
CUST-01425,26,41.58,2,month-to-month,electronic-check,yes,dsl,237.7,0,Quebec,1
CUST-01426,72,69.9,0,month-to-month,credit-card,yes,fiber,464.1,1,Quebec,0
CUST-01427,32,76.93,0,month-to-month,mailed-check,yes,fiber,522.4,1,Ontario,0
CUST-01428,35,90.36,2,month-to-month,credit-card,no,fiber,378.3,0,West,0
CUST-01429,72,61.56,0,one-year,bank-transfer,no,fiber,419.7,1,Quebec,0
CUST-01430,39,81.3,1,month-to-month,mailed-check,yes,fiber,564.8,0,Quebec,0
CUST-01431,29,61.7,0,two-year,electronic-check,yes,fiber,454.7,3,Ontario,0
CUST-01432,59,43.66,1,one-year,electronic-check,no,dsl,162.3,0,Quebec,0
CUST-01433,50,44.28,2,month-to-month,electronic-check,yes,dsl,278.0,5,Ontario,0
CUST-01434,35,79.35,1,month-to-month,credit-card,yes,fiber,511.2,0,Quebec,0
CUST-01435,38,58.36,1,month-to-month,credit-card,yes,dsl,79.5,1,Ontario,0
CUST-01436,24,53.7,3,two-year,bank-transfer,yes,dsl,252.0,1,Atlantic,0
CUST-01437,11,61.81,2,month-to-month,credit-card,no,dsl,201.7,0,Ontario,0
CUST-01438,45,73.43,1,month-to-month,bank-transfer,yes,fiber,500.5,1,Atlantic,0
CUST-01439,7,74.16,2,two-year,credit-card,no,fiber,440.9,0,Atlantic,1
CUST-01440,11,69.81,1,two-year,mailed-check,no,fiber,479.5,1,Quebec,0
CUST-01441,25,62.21,2,month-to-month,mailed-check,yes,fiber,284.4,0,Ontario,0
CUST-01442,23,90.76,2,month-to-month,electronic-check,no,fiber,363.9,2,Ontario,1
CUST-01443,49,71.7,1,month-to-month,electronic-check,yes,dsl,252.9,0,Atlantic,1
CUST-01444,58,54.7,5,month-to-month,credit-card,yes,none,234.8,0,Quebec,0
CUST-01445,72,67.34,1,month-to-month,credit-card,yes,fiber,471.2,1,Quebec,0
CUST-01446,6,65.84,1,one-year,electronic-check,no,fiber,381.1,0,Ontario,0
CUST-01447,42,68.65,3,two-year,electronic-check,no,fiber,451.5,2,West,0
CUST-01448,40,84.28,2,month-to-month,bank-transfer,yes,fiber,364.1,1,Ontario,1
CUST-01449,37,57.0,0,one-year,bank-transfer,yes,dsl,296.2,0,Ontario,0
CUST-01450,45,67.3,0,month-to-month,bank-transfer,no,fiber,444.1,1,Ontario,0
CUST-01451,52,60.82,2,one-year,credit-card,yes,dsl,279.5,0,Quebec,0
CUST-01452,72,30.27,0,one-year,credit-card,yes,none,0.0,0,West,0
CUST-01453,38,42.77,0,two-year,bank-transfer,yes,dsl,287.1,0,West,0
CUST-01454,72,58.36,2,two-year,electronic-check,yes,dsl,52.0,2,Ontario,0
CUST-01455,38,51.58,0,month-to-month,mailed-check,yes,dsl,192.1,1,Ontario,0
CUST-01456,21,72.86,0,month-to-month,bank-transfer,yes,fiber,485.9,2,West,0
CUST-01457,35,44.81,3,month-to-month,electronic-check,no,fiber,417.2,2,Quebec,1
CUST-01458,15,47.63,1,month-to-month,electronic-check,no,dsl,220.6,0,Ontario,0
CUST-01459,15,72.53,1,two-year,credit-card,yes,fiber,469.1,0,Ontario,0
CUST-01460,27,41.08,2,month-to-month,electronic-check,no,dsl,279.2,3,Quebec,1
CUST-01461,24,57.43,1,one-year,bank-transfer,yes,fiber,492.8,0,Atlantic,0
CUST-01462,72,73.41,1,month-to-month,bank-transfer,no,fiber,473.4,1,West,0
CUST-01463,27,80.37,1,month-to-month,credit-card,yes,fiber,514.8,1,Ontario,1
CUST-01464,13,28.64,2,month-to-month,mailed-check,yes,none,0.0,0,West,0
CUST-01465,31,70.25,1,one-year,mailed-check,yes,fiber,376.0,0,Ontario,0
CUST-01466,38,70.49,0,one-year,credit-card,yes,fiber,322.3,0,West,0
CUST-01467,33,56.6,1,month-to-month,credit-card,no,fiber,486.6,0,Ontario,0
CUST-01468,12,69.43,3,month-to-month,credit-card,yes,dsl,225.2,0,Ontario,1
CUST-01469,72,36.08,0,one-year,electronic-check,yes,none,129.8,2,Quebec,0
CUST-01470,5,71.19,1,month-to-month,bank-transfer,yes,fiber,469.9,0,Ontario,1
CUST-01471,33,60.92,0,two-year,credit-card,no,dsl,136.3,1,Ontario,0
CUST-01472,12,56.62,1,month-to-month,electronic-check,yes,fiber,451.4,2,Quebec,1
CUST-01473,61,66.66,0,month-to-month,bank-transfer,no,dsl,30.6,0,West,1
CUST-01474,42,84.03,0,month-to-month,bank-transfer,no,fiber,405.3,2,West,0
CUST-01475,38,74.48,1,month-to-month,bank-transfer,no,fiber,240.5,1,Ontario,1
CUST-01476,25,61.85,2,month-to-month,bank-transfer,yes,dsl,217.9,0,Ontario,0
CUST-01477,72,53.58,1,month-to-month,bank-transfer,no,dsl,166.3,0,Quebec,0
CUST-01478,25,82.06,0,two-year,credit-card,yes,fiber,428.8,2,Quebec,0
CUST-01479,72,48.36,2,month-to-month,bank-transfer,yes,dsl,110.8,0,Ontario,0
CUST-01480,15,37.66,3,month-to-month,mailed-check,no,none,0.0,1,West,0
CUST-01481,31,73.29,2,month-to-month,bank-transfer,yes,fiber,498.9,1,Atlantic,0
CUST-01482,51,56.59,2,month-to-month,mailed-check,yes,dsl,67.9,2,Ontario,1
CUST-01483,44,68.23,3,one-year,bank-transfer,yes,dsl,233.0,2,West,0
CUST-01484,29,95.98,1,month-to-month,electronic-check,no,fiber,371.0,0,West,1
CUST-01485,6,55.85,1,one-year,credit-card,yes,dsl,47.1,2,Ontario,0
CUST-01486,35,77.94,2,month-to-month,electronic-check,no,fiber,544.2,0,Quebec,1
CUST-01487,23,48.57,2,two-year,credit-card,yes,dsl,303.0,1,Ontario,0
CUST-01488,19,83.84,0,month-to-month,credit-card,yes,fiber,394.1,0,Ontario,1
CUST-01489,53,67.57,2,two-year,credit-card,yes,fiber,393.3,0,Atlantic,0
CUST-01490,5,90.02,0,month-to-month,credit-card,no,dsl,168.7,0,Quebec,0
CUST-01491,30,39.46,0,month-to-month,mailed-check,yes,dsl,121.1,1,Ontario,0
CUST-01492,1,79.55,1,two-year,mailed-check,no,dsl,136.1,1,Quebec,1
CUST-01493,44,48.41,1,one-year,electronic-check,yes,none,50.3,1,Atlantic,0
CUST-01494,54,61.22,3,one-year,credit-card,no,fiber,616.3,1,Quebec,1
CUST-01495,34,97.35,2,month-to-month,mailed-check,yes,fiber,409.8,2,West,0
CUST-01496,21,63.25,0,one-year,electronic-check,yes,fiber,527.0,0,West,0
CUST-01497,72,69.7,0,two-year,bank-transfer,yes,fiber,470.0,0,Ontario,0
CUST-01498,72,59.39,1,one-year,bank-transfer,yes,fiber,297.9,0,West,0
CUST-01499,39,55.46,5,month-to-month,electronic-check,yes,dsl,187.9,1,West,1
CUST-01500,72,56.45,0,one-year,credit-card,yes,dsl,177.2,1,West,0
CUST-01501,15,81.72,1,one-year,bank-transfer,no,fiber,564.5,1,Ontario,0
CUST-01502,28,98.6,1,two-year,electronic-check,yes,fiber,567.9,3,Ontario,0
CUST-01503,2,51.61,0,month-to-month,credit-card,yes,dsl,222.0,0,Ontario,1
CUST-01504,11,44.1,3,month-to-month,bank-transfer,yes,fiber,543.2,1,Quebec,0
CUST-01505,10,79.81,1,two-year,bank-transfer,yes,fiber,427.6,0,West,0
CUST-01506,44,67.22,1,month-to-month,electronic-check,yes,fiber,535.1,0,West,0
CUST-01507,12,92.09,1,one-year,mailed-check,no,fiber,448.5,2,Quebec,0
CUST-01508,4,72.64,1,month-to-month,electronic-check,yes,fiber,533.3,1,Ontario,0
CUST-01509,17,49.03,1,month-to-month,electronic-check,yes,dsl,291.9,0,Ontario,1
CUST-01510,19,62.36,2,one-year,bank-transfer,yes,fiber,500.9,0,West,1
CUST-01511,9,63.54,0,month-to-month,electronic-check,yes,dsl,127.0,0,Quebec,0
CUST-01512,32,54.11,2,month-to-month,bank-transfer,yes,dsl,154.3,1,West,1
CUST-01513,37,72.41,1,one-year,credit-card,no,dsl,253.9,0,Ontario,0
CUST-01514,7,70.79,1,one-year,electronic-check,yes,fiber,515.9,0,Ontario,1
CUST-01515,49,87.85,3,two-year,electronic-check,yes,fiber,453.5,2,Atlantic,0
CUST-01516,14,58.51,0,month-to-month,bank-transfer,yes,fiber,413.5,1,Ontario,0
CUST-01517,19,54.74,1,month-to-month,electronic-check,no,fiber,456.3,1,Ontario,1
CUST-01518,42,81.71,2,two-year,electronic-check,yes,fiber,416.3,0,West,0
CUST-01519,19,52.12,1,month-to-month,bank-transfer,yes,dsl,166.8,0,Quebec,1
CUST-01520,11,70.23,1,month-to-month,credit-card,yes,fiber,606.6,0,Atlantic,1
CUST-01521,31,62.37,0,month-to-month,credit-card,yes,fiber,399.6,0,West,1
CUST-01522,62,61.6,1,month-to-month,bank-transfer,yes,fiber,483.2,1,West,0
CUST-01523,57,63.67,4,two-year,bank-transfer,yes,dsl,203.0,0,Ontario,0
CUST-01524,18,56.8,0,one-year,credit-card,yes,dsl,85.7,1,Quebec,0
CUST-01525,13,45.87,1,one-year,credit-card,yes,dsl,82.8,1,West,0
CUST-01526,16,65.3,2,month-to-month,credit-card,no,dsl,183.1,2,Quebec,1
CUST-01527,57,69.34,5,month-to-month,electronic-check,yes,dsl,24.0,0,Atlantic,0
CUST-01528,15,55.86,1,month-to-month,electronic-check,yes,dsl,345.6,0,West,0
CUST-01529,72,83.53,4,month-to-month,bank-transfer,yes,fiber,409.3,0,Ontario,0
CUST-01530,42,46.48,1,month-to-month,credit-card,yes,dsl,152.3,1,Quebec,0
CUST-01531,28,63.06,1,month-to-month,credit-card,yes,dsl,294.0,0,West,0
CUST-01532,17,74.7,1,month-to-month,credit-card,yes,fiber,428.0,0,Ontario,1
CUST-01533,31,48.69,0,month-to-month,bank-transfer,yes,dsl,245.3,1,Ontario,1
CUST-01534,11,94.56,0,one-year,credit-card,yes,fiber,391.3,2,West,0
CUST-01535,7,75.44,1,month-to-month,bank-transfer,yes,fiber,443.9,1,Ontario,0
CUST-01536,42,66.8,0,month-to-month,mailed-check,yes,fiber,522.3,0,Ontario,0
CUST-01537,28,57.21,0,one-year,bank-transfer,yes,dsl,116.7,0,West,0
CUST-01538,50,47.87,0,one-year,electronic-check,yes,dsl,234.9,1,West,0
CUST-01539,36,60.85,0,two-year,credit-card,yes,fiber,234.6,0,Quebec,0
CUST-01540,17,68.28,2,month-to-month,credit-card,yes,fiber,547.6,0,Atlantic,0
CUST-01541,57,68.99,1,two-year,mailed-check,yes,fiber,392.7,1,Atlantic,0
CUST-01542,19,64.56,2,month-to-month,bank-transfer,no,fiber,432.7,0,Quebec,1
CUST-01543,68,51.14,0,month-to-month,electronic-check,yes,none,3.7,0,Ontario,0
CUST-01544,18,64.96,1,month-to-month,mailed-check,yes,fiber,357.1,0,West,1
CUST-01545,9,63.21,0,month-to-month,bank-transfer,no,fiber,350.6,2,Ontario,0
CUST-01546,72,60.55,2,month-to-month,credit-card,yes,fiber,484.3,1,West,0
CUST-01547,18,24.54,1,month-to-month,bank-transfer,yes,none,60.3,1,Quebec,0
CUST-01548,19,83.79,1,one-year,credit-card,no,fiber,364.8,0,Ontario,0
CUST-01549,9,59.71,2,month-to-month,credit-card,yes,dsl,236.0,1,Quebec,0
CUST-01550,26,80.25,3,month-to-month,credit-card,yes,fiber,487.4,1,Quebec,0
CUST-01551,10,83.69,1,month-to-month,mailed-check,yes,fiber,407.9,0,Atlantic,0
CUST-01552,72,53.5,1,month-to-month,electronic-check,yes,dsl,80.1,0,Ontario,1
CUST-01553,21,88.46,2,month-to-month,credit-card,yes,fiber,436.8,0,Atlantic,0
CUST-01554,13,50.42,0,month-to-month,credit-card,no,dsl,221.0,0,Ontario,0
CUST-01555,30,61.49,3,month-to-month,electronic-check,yes,fiber,435.0,0,West,0
CUST-01556,72,60.92,0,one-year,mailed-check,yes,dsl,139.6,0,Atlantic,0
CUST-01557,31,58.52,1,two-year,credit-card,no,dsl,229.7,0,Ontario,0
CUST-01558,24,58.5,0,month-to-month,bank-transfer,no,dsl,297.6,1,Ontario,1
CUST-01559,29,83.66,2,one-year,electronic-check,yes,fiber,374.5,0,West,0
CUST-01560,52,58.12,1,two-year,mailed-check,yes,dsl,164.7,1,West,0
CUST-01561,48,41.29,1,two-year,mailed-check,no,none,245.2,0,Ontario,0
CUST-01562,35,87.28,1,one-year,credit-card,no,fiber,464.7,1,Quebec,0
CUST-01563,58,75.8,1,two-year,credit-card,no,fiber,332.3,1,West,0
CUST-01564,31,62.19,2,two-year,bank-transfer,no,dsl,149.4,0,Ontario,0
CUST-01565,25,58.11,1,one-year,credit-card,yes,fiber,375.7,0,Quebec,0
CUST-01566,30,96.05,2,month-to-month,mailed-check,yes,dsl,222.3,0,Quebec,1
CUST-01567,19,40.3,2,month-to-month,credit-card,yes,dsl,216.2,1,Ontario,0
CUST-01568,52,67.34,0,month-to-month,electronic-check,yes,fiber,385.9,0,West,0
CUST-01569,18,51.02,0,month-to-month,mailed-check,no,dsl,347.8,0,Ontario,0
CUST-01570,4,79.13,1,month-to-month,mailed-check,yes,dsl,197.2,1,Atlantic,1
CUST-01571,7,66.69,1,month-to-month,electronic-check,yes,fiber,401.3,1,Quebec,0
CUST-01572,38,61.64,0,one-year,mailed-check,yes,dsl,86.2,1,Quebec,0
CUST-01573,15,67.09,1,month-to-month,credit-card,no,fiber,363.9,1,Quebec,0
CUST-01574,49,62.08,1,two-year,bank-transfer,yes,fiber,334.1,0,Ontario,0
CUST-01575,28,62.99,0,month-to-month,credit-card,no,dsl,173.8,3,West,1
CUST-01576,52,65.45,0,month-to-month,mailed-check,yes,fiber,364.8,0,West,0
CUST-01577,4,59.18,3,one-year,mailed-check,yes,dsl,256.6,0,West,0
CUST-01578,18,79.58,2,two-year,credit-card,yes,fiber,390.3,1,Quebec,0
CUST-01579,13,93.02,0,two-year,credit-card,yes,fiber,511.4,0,Ontario,0
CUST-01580,72,59.75,0,two-year,bank-transfer,no,fiber,481.8,0,Ontario,0
CUST-01581,20,55.4,2,two-year,credit-card,yes,dsl,244.9,1,West,0
CUST-01582,7,55.83,0,month-to-month,electronic-check,no,dsl,266.2,0,Ontario,0
CUST-01583,37,57.01,0,month-to-month,credit-card,no,dsl,359.4,0,Quebec,0
CUST-01584,12,64.97,3,month-to-month,electronic-check,yes,none,0.0,0,Quebec,0
CUST-01585,56,55.18,0,one-year,bank-transfer,yes,dsl,261.9,0,Quebec,0
CUST-01586,62,30.53,1,two-year,bank-transfer,yes,dsl,223.8,1,West,0
CUST-01587,13,70.92,0,month-to-month,credit-card,yes,fiber,530.4,0,Quebec,0
CUST-01588,16,36.76,2,month-to-month,mailed-check,yes,none,21.4,0,Atlantic,0
CUST-01589,35,54.47,3,month-to-month,electronic-check,yes,dsl,290.0,0,Ontario,1
CUST-01590,57,49.45,0,month-to-month,bank-transfer,no,dsl,80.2,1,Quebec,1
CUST-01591,38,59.13,1,month-to-month,bank-transfer,yes,fiber,354.6,1,Ontario,0
CUST-01592,20,95.67,0,month-to-month,mailed-check,no,fiber,391.6,0,West,1
CUST-01593,9,60.34,0,two-year,electronic-check,yes,dsl,183.6,0,Quebec,0
CUST-01594,72,70.98,1,month-to-month,electronic-check,yes,fiber,443.9,1,Quebec,0
CUST-01595,38,95.34,3,two-year,electronic-check,no,fiber,377.1,0,West,0
CUST-01596,72,28.88,1,one-year,mailed-check,yes,none,0.0,1,Quebec,0
CUST-01597,42,79.33,0,month-to-month,credit-card,no,fiber,384.3,0,Ontario,1
CUST-01598,72,59.88,2,month-to-month,electronic-check,no,fiber,294.7,0,Quebec,0
CUST-01599,15,80.88,1,two-year,bank-transfer,no,fiber,415.5,0,Ontario,0
CUST-01600,16,61.09,1,month-to-month,bank-transfer,yes,fiber,435.0,0,West,0
CUST-01601,25,61.94,0,two-year,mailed-check,no,dsl,227.5,1,West,0
CUST-01602,14,58.51,1,month-to-month,mailed-check,yes,none,26.2,1,West,0
CUST-01603,6,38.98,1,one-year,bank-transfer,yes,none,164.4,0,West,0
CUST-01604,17,33.98,0,two-year,bank-transfer,yes,dsl,259.1,1,West,0
CUST-01605,42,57.38,1,month-to-month,mailed-check,yes,dsl,252.7,1,Quebec,1
CUST-01606,10,78.04,3,month-to-month,mailed-check,yes,fiber,471.0,0,Ontario,0
CUST-01607,11,66.46,4,two-year,electronic-check,yes,dsl,235.5,0,Ontario,0
CUST-01608,18,88.47,0,month-to-month,credit-card,yes,fiber,421.2,1,Atlantic,0
CUST-01609,12,89.01,3,month-to-month,bank-transfer,no,fiber,448.5,0,Atlantic,1
CUST-01610,19,36.63,1,month-to-month,mailed-check,no,none,175.3,0,West,0
CUST-01611,26,50.08,0,month-to-month,electronic-check,no,dsl,184.0,0,Ontario,0
CUST-01612,10,61.26,1,one-year,electronic-check,yes,fiber,326.8,1,Ontario,0
CUST-01613,18,51.33,0,one-year,electronic-check,no,dsl,249.2,3,West,0
CUST-01614,28,78.0,2,month-to-month,bank-transfer,yes,fiber,514.4,0,Ontario,0
CUST-01615,14,58.84,0,two-year,bank-transfer,yes,fiber,453.1,2,Quebec,1
CUST-01616,9,63.27,0,month-to-month,electronic-check,yes,fiber,280.3,1,Ontario,0
CUST-01617,15,78.9,2,month-to-month,credit-card,yes,fiber,549.4,3,Ontario,1
CUST-01618,21,50.21,3,one-year,electronic-check,yes,dsl,209.5,0,West,0
CUST-01619,6,76.88,1,two-year,electronic-check,yes,fiber,413.6,1,Atlantic,0
CUST-01620,42,48.45,1,month-to-month,electronic-check,no,dsl,291.0,1,West,1
CUST-01621,22,76.02,1,month-to-month,credit-card,yes,fiber,267.9,1,Quebec,0
CUST-01622,15,29.9,2,month-to-month,electronic-check,yes,none,21.5,2,Quebec,0
CUST-01623,7,37.03,0,one-year,credit-card,yes,dsl,144.0,1,West,0
CUST-01624,39,67.04,1,month-to-month,credit-card,yes,dsl,316.8,0,Quebec,0
CUST-01625,63,65.69,0,month-to-month,bank-transfer,no,fiber,460.6,0,Quebec,0
CUST-01626,18,54.39,3,one-year,credit-card,yes,dsl,116.5,1,West,1
CUST-01627,72,49.74,3,month-to-month,mailed-check,yes,dsl,286.7,0,Ontario,0
CUST-01628,27,78.72,2,month-to-month,mailed-check,yes,fiber,231.0,4,Ontario,1
CUST-01629,28,76.5,0,month-to-month,credit-card,yes,fiber,483.2,3,West,1
CUST-01630,51,78.69,0,month-to-month,electronic-check,yes,fiber,332.6,0,Quebec,1
CUST-01631,40,67.23,2,month-to-month,bank-transfer,yes,fiber,400.7,0,Ontario,0
CUST-01632,10,72.48,0,two-year,electronic-check,yes,fiber,419.5,1,Ontario,0
CUST-01633,17,77.38,3,one-year,mailed-check,yes,fiber,517.4,2,Atlantic,1
CUST-01634,57,89.22,2,one-year,bank-transfer,no,fiber,627.3,0,Quebec,0
CUST-01635,41,60.22,3,two-year,credit-card,yes,dsl,38.7,1,Quebec,0
CUST-01636,72,62.46,3,month-to-month,credit-card,yes,fiber,477.9,2,Ontario,0
CUST-01637,36,75.81,2,month-to-month,bank-transfer,no,fiber,627.2,1,Atlantic,0
CUST-01638,42,55.27,1,two-year,mailed-check,yes,dsl,141.3,1,West,0
CUST-01639,15,52.01,0,month-to-month,bank-transfer,yes,fiber,386.0,1,Quebec,0
CUST-01640,62,53.63,1,one-year,bank-transfer,yes,fiber,460.1,0,Ontario,0
CUST-01641,2,72.3,1,one-year,credit-card,yes,fiber,510.5,1,West,0
CUST-01642,32,73.19,3,month-to-month,mailed-check,yes,fiber,495.9,1,West,0
CUST-01643,42,69.91,1,month-to-month,bank-transfer,yes,fiber,409.5,0,West,0
CUST-01644,35,82.28,1,month-to-month,electronic-check,yes,fiber,371.8,1,Atlantic,1
CUST-01645,27,63.18,0,month-to-month,electronic-check,no,fiber,551.9,1,Quebec,0
CUST-01646,25,23.44,2,month-to-month,credit-card,yes,none,0.0,2,Ontario,1
CUST-01647,28,29.33,1,month-to-month,credit-card,no,none,0.0,1,Quebec,0
CUST-01648,11,66.6,3,one-year,bank-transfer,yes,fiber,316.5,1,West,0
CUST-01649,34,72.39,0,two-year,credit-card,yes,fiber,391.0,1,Ontario,0
CUST-01650,15,64.62,3,one-year,electronic-check,yes,fiber,566.9,1,Ontario,0
CUST-01651,18,34.51,3,month-to-month,electronic-check,yes,dsl,89.0,0,West,0
CUST-01652,10,30.02,0,month-to-month,credit-card,no,dsl,319.4,1,Quebec,0
CUST-01653,72,74.29,2,month-to-month,bank-transfer,yes,fiber,551.1,0,West,0
CUST-01654,33,61.15,1,month-to-month,credit-card,yes,fiber,459.1,1,Ontario,0
CUST-01655,8,51.94,2,two-year,credit-card,yes,fiber,223.3,2,Ontario,1
CUST-01656,30,63.56,0,month-to-month,electronic-check,yes,dsl,89.4,0,Ontario,0
CUST-01657,62,73.22,1,month-to-month,electronic-check,no,dsl,136.1,1,West,0
CUST-01658,34,72.01,1,two-year,electronic-check,no,fiber,587.1,0,West,0
CUST-01659,27,59.82,1,month-to-month,credit-card,yes,dsl,141.6,1,Quebec,0
CUST-01660,14,75.91,0,month-to-month,bank-transfer,no,fiber,374.3,0,Quebec,0
CUST-01661,34,32.71,2,month-to-month,bank-transfer,no,dsl,206.0,0,Ontario,0
CUST-01662,47,47.33,1,one-year,mailed-check,yes,none,0.0,1,West,0
CUST-01663,48,86.02,1,one-year,electronic-check,yes,fiber,437.9,0,Atlantic,0
CUST-01664,32,92.29,1,month-to-month,mailed-check,no,fiber,372.1,1,West,1
CUST-01665,32,52.4,1,two-year,credit-card,no,dsl,418.5,2,Ontario,0
CUST-01666,69,61.08,1,two-year,bank-transfer,yes,fiber,362.0,0,Quebec,0
CUST-01667,64,71.26,0,two-year,electronic-check,yes,dsl,354.0,0,Ontario,0
CUST-01668,24,78.24,0,month-to-month,bank-transfer,no,fiber,343.1,0,Ontario,0
CUST-01669,72,66.18,0,month-to-month,electronic-check,no,dsl,212.3,0,Ontario,0
CUST-01670,8,66.21,2,two-year,bank-transfer,yes,fiber,482.5,0,Ontario,1
CUST-01671,33,75.85,2,month-to-month,mailed-check,no,fiber,452.0,0,Ontario,0
CUST-01672,35,61.94,1,one-year,credit-card,yes,fiber,446.8,1,West,0
CUST-01673,13,72.94,2,one-year,mailed-check,yes,fiber,513.2,0,Ontario,0
CUST-01674,6,69.35,4,month-to-month,bank-transfer,yes,fiber,475.5,0,West,1
CUST-01675,14,81.61,2,one-year,bank-transfer,yes,dsl,175.3,0,Atlantic,1
CUST-01676,54,78.76,0,two-year,bank-transfer,yes,fiber,382.7,2,Quebec,0
CUST-01677,55,50.4,0,one-year,credit-card,no,fiber,425.9,1,Quebec,0
CUST-01678,45,72.98,0,month-to-month,mailed-check,yes,fiber,424.9,1,West,0
CUST-01679,15,76.87,2,two-year,mailed-check,yes,fiber,423.2,1,Ontario,0
CUST-01680,55,52.02,1,month-to-month,mailed-check,yes,dsl,196.5,0,Quebec,0
CUST-01681,16,26.42,2,one-year,mailed-check,yes,none,0.0,1,Quebec,0
CUST-01682,34,79.94,2,two-year,electronic-check,yes,fiber,352.7,1,West,0
CUST-01683,28,46.91,1,one-year,bank-transfer,yes,dsl,260.7,0,West,1
CUST-01684,21,63.04,0,month-to-month,electronic-check,no,dsl,0.0,1,West,1
CUST-01685,44,27.02,1,month-to-month,credit-card,yes,none,113.7,1,West,0
CUST-01686,50,67.39,2,month-to-month,electronic-check,no,fiber,392.5,0,Quebec,1
CUST-01687,15,83.04,3,month-to-month,bank-transfer,yes,fiber,581.9,0,West,0
CUST-01688,29,78.14,1,month-to-month,electronic-check,yes,fiber,544.2,2,West,1
CUST-01689,48,57.33,2,one-year,bank-transfer,no,dsl,162.2,0,Quebec,0
CUST-01690,1,56.69,3,month-to-month,bank-transfer,yes,dsl,171.0,0,Atlantic,0
CUST-01691,38,73.95,2,one-year,credit-card,no,fiber,575.4,2,West,0
CUST-01692,49,64.69,0,two-year,bank-transfer,yes,fiber,548.2,2,Quebec,1
CUST-01693,39,41.07,2,month-to-month,bank-transfer,yes,dsl,272.7,1,Ontario,0
CUST-01694,40,62.98,1,one-year,credit-card,yes,dsl,287.3,0,Ontario,1
CUST-01695,26,89.07,2,one-year,credit-card,yes,fiber,347.6,2,West,0
CUST-01696,47,63.34,2,month-to-month,bank-transfer,no,dsl,207.5,0,Ontario,0
CUST-01697,9,75.67,3,month-to-month,credit-card,yes,fiber,374.5,0,Quebec,0
CUST-01698,14,60.31,0,one-year,electronic-check,yes,fiber,345.4,0,Quebec,0
CUST-01699,40,66.21,2,two-year,credit-card,yes,dsl,203.9,1,West,0
CUST-01700,47,62.05,1,one-year,bank-transfer,yes,dsl,154.8,0,West,0
CUST-01701,62,45.98,1,two-year,credit-card,no,none,0.0,1,West,0
CUST-01702,72,83.86,0,two-year,bank-transfer,yes,fiber,397.5,0,Ontario,0
CUST-01703,16,89.65,2,month-to-month,bank-transfer,no,fiber,333.4,1,Ontario,0
CUST-01704,11,61.3,1,one-year,electronic-check,yes,fiber,584.2,0,West,0
CUST-01705,53,59.47,0,month-to-month,bank-transfer,no,fiber,453.2,0,Ontario,0
CUST-01706,20,74.56,1,two-year,bank-transfer,no,fiber,317.4,0,Quebec,0
CUST-01707,27,63.31,0,month-to-month,credit-card,no,fiber,455.5,2,Atlantic,0
CUST-01708,49,61.5,1,month-to-month,bank-transfer,no,fiber,569.3,0,Quebec,0
CUST-01709,33,85.81,0,two-year,bank-transfer,yes,fiber,521.5,0,West,0
CUST-01710,46,62.4,3,month-to-month,electronic-check,yes,fiber,395.9,2,West,1
CUST-01711,14,56.88,1,one-year,bank-transfer,no,dsl,147.9,0,West,0
CUST-01712,36,55.87,2,month-to-month,electronic-check,no,fiber,358.6,2,Quebec,0
CUST-01713,35,57.66,2,two-year,bank-transfer,yes,dsl,126.9,0,Quebec,0
CUST-01714,61,69.42,0,two-year,credit-card,no,dsl,133.8,0,Ontario,0
CUST-01715,71,69.74,1,month-to-month,credit-card,yes,dsl,65.2,1,Quebec,0
CUST-01716,19,83.97,0,one-year,credit-card,yes,fiber,402.3,0,Ontario,0
CUST-01717,12,72.18,0,month-to-month,bank-transfer,yes,fiber,469.2,1,Quebec,0
CUST-01718,48,68.67,2,one-year,electronic-check,yes,dsl,154.8,0,West,0
CUST-01719,6,77.52,1,one-year,electronic-check,yes,fiber,458.5,0,Ontario,0
CUST-01720,50,68.39,0,two-year,bank-transfer,yes,fiber,577.9,0,Quebec,0
CUST-01721,53,77.01,3,month-to-month,credit-card,yes,fiber,596.0,0,Ontario,0
CUST-01722,18,66.3,1,month-to-month,electronic-check,yes,dsl,184.2,1,Ontario,1
CUST-01723,1,59.06,1,one-year,credit-card,yes,fiber,514.8,2,Ontario,0
CUST-01724,56,45.87,0,one-year,bank-transfer,yes,dsl,175.8,0,Ontario,0
CUST-01725,72,71.49,0,month-to-month,electronic-check,yes,fiber,398.5,0,Atlantic,0
CUST-01726,71,60.17,2,month-to-month,bank-transfer,yes,fiber,345.1,3,Atlantic,1
CUST-01727,72,44.02,0,month-to-month,credit-card,no,dsl,197.4,0,West,0
CUST-01728,9,68.58,1,two-year,credit-card,no,fiber,532.2,0,Quebec,0
CUST-01729,30,67.42,1,month-to-month,electronic-check,yes,dsl,81.7,0,West,0
CUST-01730,35,83.22,0,month-to-month,credit-card,no,fiber,415.6,2,West,0
CUST-01731,31,76.37,1,two-year,electronic-check,yes,fiber,411.5,0,Quebec,0
CUST-01732,46,39.89,1,month-to-month,bank-transfer,yes,none,33.0,0,Ontario,0
CUST-01733,11,94.92,1,one-year,bank-transfer,no,fiber,462.3,0,West,0
CUST-01734,6,67.34,1,month-to-month,credit-card,no,fiber,485.7,0,Atlantic,1
CUST-01735,4,59.53,1,two-year,electronic-check,yes,dsl,351.2,2,Ontario,0
CUST-01736,57,50.82,2,one-year,bank-transfer,yes,dsl,116.0,1,Quebec,0
CUST-01737,9,43.48,0,two-year,electronic-check,yes,dsl,111.3,2,Ontario,0
CUST-01738,31,85.44,0,month-to-month,bank-transfer,yes,fiber,461.0,1,Ontario,0
CUST-01739,18,69.8,0,month-to-month,credit-card,yes,fiber,563.5,1,West,0
CUST-01740,18,64.3,1,one-year,bank-transfer,yes,dsl,65.7,0,Ontario,1
CUST-01741,24,70.42,2,month-to-month,bank-transfer,no,fiber,468.2,1,Atlantic,0
CUST-01742,19,86.09,0,month-to-month,bank-transfer,yes,fiber,422.9,0,West,0
CUST-01743,6,46.53,0,month-to-month,electronic-check,yes,dsl,262.6,1,Ontario,1
CUST-01744,24,85.22,0,two-year,mailed-check,no,fiber,493.4,1,West,0
CUST-01745,15,82.39,1,one-year,electronic-check,no,fiber,444.1,0,West,0
CUST-01746,14,54.16,0,one-year,bank-transfer,yes,fiber,481.4,1,Quebec,0
CUST-01747,72,67.57,0,one-year,bank-transfer,yes,fiber,384.0,0,Quebec,0
CUST-01748,7,67.72,1,month-to-month,electronic-check,yes,dsl,258.0,0,West,0
CUST-01749,24,74.19,2,month-to-month,credit-card,yes,dsl,307.9,1,Quebec,1
CUST-01750,33,80.51,1,month-to-month,electronic-check,yes,fiber,448.5,0,Ontario,1
CUST-01751,72,68.84,1,one-year,electronic-check,yes,fiber,405.3,1,Ontario,0
CUST-01752,10,46.83,1,month-to-month,credit-card,yes,dsl,177.7,0,Ontario,0
CUST-01753,68,78.95,0,two-year,mailed-check,yes,fiber,507.1,0,West,0
CUST-01754,24,68.53,2,two-year,electronic-check,yes,fiber,436.4,0,Ontario,0
CUST-01755,25,33.97,3,month-to-month,bank-transfer,no,none,0.0,0,West,1
CUST-01756,44,54.65,1,one-year,mailed-check,no,dsl,270.9,1,Quebec,0
CUST-01757,72,82.26,0,month-to-month,credit-card,yes,fiber,356.5,0,West,0
CUST-01758,19,56.97,0,two-year,credit-card,yes,none,48.1,0,Quebec,0
CUST-01759,35,83.78,1,two-year,bank-transfer,yes,fiber,281.4,1,Atlantic,0
CUST-01760,32,38.1,0,two-year,bank-transfer,yes,none,21.2,0,West,0
CUST-01761,30,63.56,2,month-to-month,bank-transfer,no,fiber,434.2,1,Ontario,0
CUST-01762,50,80.01,0,month-to-month,mailed-check,yes,fiber,272.8,0,West,0
CUST-01763,15,55.49,3,month-to-month,credit-card,yes,none,40.3,0,Ontario,0
CUST-01764,21,83.54,1,month-to-month,credit-card,yes,fiber,346.4,0,West,0
CUST-01765,6,75.18,3,month-to-month,electronic-check,no,fiber,447.2,1,Quebec,1
CUST-01766,42,67.87,2,month-to-month,credit-card,no,fiber,405.0,0,Ontario,1
CUST-01767,29,60.62,1,two-year,electronic-check,no,dsl,64.2,1,Ontario,0
CUST-01768,72,69.12,3,month-to-month,bank-transfer,yes,dsl,101.1,1,Quebec,0
CUST-01769,10,75.44,1,month-to-month,mailed-check,yes,fiber,357.9,0,West,0
CUST-01770,72,55.91,0,two-year,electronic-check,yes,dsl,273.5,1,West,0
CUST-01771,47,49.78,1,one-year,credit-card,no,dsl,261.0,2,Ontario,0
CUST-01772,45,100.19,1,one-year,credit-card,yes,fiber,626.5,0,Ontario,0
CUST-01773,17,63.65,3,one-year,credit-card,yes,fiber,396.5,2,Quebec,1
CUST-01774,23,62.67,1,two-year,mailed-check,yes,fiber,393.8,0,Quebec,0
CUST-01775,20,74.72,1,one-year,electronic-check,yes,fiber,451.5,1,Ontario,1
CUST-01776,65,70.88,4,month-to-month,bank-transfer,yes,fiber,409.8,1,Ontario,0
CUST-01777,5,83.74,0,one-year,credit-card,yes,fiber,390.5,0,West,1
CUST-01778,25,84.1,1,month-to-month,electronic-check,no,fiber,444.6,2,Quebec,1
CUST-01779,27,60.25,2,month-to-month,credit-card,yes,fiber,499.8,0,West,1
CUST-01780,19,49.07,1,month-to-month,electronic-check,no,dsl,10.5,1,Quebec,0
CUST-01781,13,63.81,0,month-to-month,electronic-check,yes,fiber,391.4,1,Quebec,1
CUST-01782,2,46.24,1,one-year,credit-card,yes,none,0.0,1,Quebec,0
CUST-01783,26,42.5,3,month-to-month,bank-transfer,yes,none,0.0,0,Ontario,0
CUST-01784,42,53.1,4,month-to-month,credit-card,no,dsl,226.8,1,Ontario,0
CUST-01785,29,40.27,0,month-to-month,bank-transfer,yes,none,106.9,0,Atlantic,1
CUST-01786,13,45.17,1,two-year,mailed-check,yes,dsl,153.1,0,West,0
CUST-01787,27,65.2,1,month-to-month,electronic-check,yes,fiber,449.0,0,West,0
CUST-01788,72,43.35,1,one-year,electronic-check,no,dsl,47.0,0,Ontario,0
CUST-01789,16,74.53,0,two-year,bank-transfer,yes,fiber,366.9,0,Ontario,0
CUST-01790,33,58.49,4,month-to-month,credit-card,yes,dsl,207.6,0,Ontario,1
CUST-01791,36,62.66,2,one-year,electronic-check,yes,fiber,324.5,0,Atlantic,0
CUST-01792,8,77.42,2,month-to-month,bank-transfer,yes,fiber,545.1,0,West,0
CUST-01793,22,84.1,1,month-to-month,credit-card,yes,fiber,484.5,1,Quebec,1
CUST-01794,22,27.18,2,one-year,bank-transfer,yes,none,0.0,1,Atlantic,0
CUST-01795,28,69.57,2,two-year,electronic-check,yes,fiber,314.0,0,Ontario,0
CUST-01796,64,78.39,2,month-to-month,electronic-check,no,fiber,378.9,0,Quebec,1
CUST-01797,10,72.93,1,one-year,credit-card,yes,fiber,363.6,0,Ontario,0
CUST-01798,67,58.59,1,month-to-month,electronic-check,yes,fiber,336.6,1,Ontario,0
CUST-01799,44,52.37,0,month-to-month,bank-transfer,yes,dsl,70.4,0,Atlantic,0
CUST-01800,72,52.02,3,one-year,credit-card,yes,dsl,170.4,0,West,0
CUST-01801,3,71.21,3,one-year,credit-card,no,fiber,502.2,1,Ontario,1
CUST-01802,1,71.66,1,one-year,electronic-check,no,fiber,379.6,1,Ontario,0
CUST-01803,72,89.44,0,month-to-month,bank-transfer,yes,fiber,477.8,0,Quebec,0
CUST-01804,7,70.81,0,one-year,bank-transfer,no,fiber,412.1,0,Ontario,0
CUST-01805,13,38.96,3,one-year,credit-card,yes,dsl,242.0,0,Quebec,0
CUST-01806,14,57.96,1,one-year,electronic-check,no,dsl,123.1,2,Quebec,0
CUST-01807,42,91.35,0,month-to-month,electronic-check,yes,fiber,463.9,1,Ontario,1
CUST-01808,23,55.25,0,month-to-month,bank-transfer,no,dsl,200.2,0,Ontario,0
CUST-01809,15,68.4,1,month-to-month,mailed-check,no,fiber,555.8,1,Ontario,1
CUST-01810,72,53.8,1,month-to-month,credit-card,yes,dsl,237.5,0,Atlantic,0
CUST-01811,3,63.13,3,month-to-month,credit-card,yes,dsl,211.8,1,Ontario,1
CUST-01812,56,53.75,1,month-to-month,bank-transfer,no,dsl,65.1,2,Quebec,0
CUST-01813,27,57.09,1,one-year,electronic-check,yes,fiber,395.4,1,Ontario,0
CUST-01814,15,30.95,3,month-to-month,credit-card,yes,none,0.0,2,West,1
CUST-01815,17,72.32,0,two-year,bank-transfer,yes,fiber,370.1,2,Ontario,0
CUST-01816,22,78.62,1,month-to-month,credit-card,yes,fiber,441.3,1,Ontario,1
CUST-01817,14,66.88,0,one-year,bank-transfer,yes,fiber,460.5,0,West,0
CUST-01818,50,69.89,0,month-to-month,electronic-check,no,fiber,463.8,0,West,0
CUST-01819,20,57.47,0,month-to-month,mailed-check,no,dsl,297.2,2,Ontario,0
CUST-01820,45,48.84,0,one-year,bank-transfer,yes,dsl,231.1,0,Ontario,0
CUST-01821,17,56.04,1,two-year,electronic-check,no,dsl,85.6,1,Atlantic,0
CUST-01822,32,77.91,1,month-to-month,bank-transfer,yes,fiber,457.2,0,Ontario,0
CUST-01823,32,44.54,1,month-to-month,credit-card,yes,dsl,239.7,3,Ontario,1
CUST-01824,28,60.22,0,one-year,credit-card,yes,dsl,297.3,0,Quebec,1
CUST-01825,68,61.55,3,one-year,mailed-check,yes,fiber,426.9,0,Ontario,0
CUST-01826,72,61.76,3,month-to-month,credit-card,yes,fiber,427.7,1,West,0
CUST-01827,48,66.04,0,month-to-month,electronic-check,yes,fiber,531.7,1,West,0
CUST-01828,59,87.34,0,month-to-month,credit-card,yes,fiber,455.2,0,Quebec,1
CUST-01829,46,38.99,1,two-year,electronic-check,yes,dsl,54.1,2,Quebec,0
CUST-01830,19,52.13,0,month-to-month,credit-card,yes,dsl,35.9,0,Quebec,1
CUST-01831,25,56.72,3,month-to-month,mailed-check,yes,dsl,346.5,0,West,0
CUST-01832,3,85.26,0,two-year,electronic-check,yes,fiber,294.3,0,Ontario,1
CUST-01833,12,77.45,1,month-to-month,credit-card,no,dsl,175.8,1,Ontario,0
CUST-01834,7,52.57,0,month-to-month,electronic-check,no,dsl,265.1,0,West,0
CUST-01835,15,78.66,1,month-to-month,electronic-check,no,fiber,290.0,2,Ontario,0
CUST-01836,34,56.01,2,month-to-month,bank-transfer,no,dsl,98.1,1,Ontario,0
CUST-01837,18,71.94,0,month-to-month,credit-card,no,fiber,334.0,0,Ontario,1
CUST-01838,51,75.87,0,month-to-month,electronic-check,yes,fiber,593.1,1,West,0
CUST-01839,12,56.35,0,one-year,electronic-check,yes,fiber,611.5,3,Ontario,1
CUST-01840,43,72.5,2,one-year,bank-transfer,yes,fiber,377.6,0,West,0
CUST-01841,11,61.73,0,month-to-month,electronic-check,yes,dsl,239.3,3,West,1
CUST-01842,65,63.97,3,one-year,credit-card,yes,fiber,466.2,1,Quebec,0
CUST-01843,12,77.8,1,month-to-month,credit-card,yes,fiber,416.1,0,Ontario,0
CUST-01844,39,54.85,2,two-year,bank-transfer,yes,fiber,301.7,0,West,0
CUST-01845,15,73.98,0,month-to-month,credit-card,no,fiber,636.1,1,Ontario,0
CUST-01846,72,87.09,1,one-year,credit-card,yes,fiber,285.6,0,West,0
CUST-01847,72,70.7,1,month-to-month,bank-transfer,no,fiber,458.0,2,West,1
CUST-01848,38,46.73,1,one-year,credit-card,no,dsl,135.0,2,Ontario,0
CUST-01849,38,58.04,2,month-to-month,credit-card,no,fiber,525.7,2,West,1
CUST-01850,49,61.1,0,one-year,electronic-check,yes,dsl,261.9,0,Quebec,0
CUST-01851,43,82.74,1,month-to-month,bank-transfer,no,fiber,356.8,1,Quebec,0
CUST-01852,53,56.41,1,two-year,electronic-check,yes,dsl,122.8,1,Quebec,0
CUST-01853,12,52.13,0,month-to-month,bank-transfer,no,dsl,58.2,0,Quebec,0
CUST-01854,28,52.73,0,one-year,bank-transfer,yes,fiber,456.6,1,West,1
CUST-01855,16,74.3,0,two-year,credit-card,yes,fiber,500.4,1,West,0
CUST-01856,72,30.76,0,two-year,electronic-check,yes,none,0.0,1,Ontario,0
CUST-01857,9,66.37,1,month-to-month,credit-card,no,fiber,419.2,2,Quebec,0
CUST-01858,72,73.97,2,month-to-month,credit-card,no,dsl,352.2,0,West,0
CUST-01859,29,54.08,2,month-to-month,electronic-check,yes,fiber,519.6,2,West,1
CUST-01860,54,55.49,0,month-to-month,electronic-check,no,fiber,554.6,0,Quebec,0
CUST-01861,18,75.43,1,one-year,electronic-check,yes,fiber,249.4,2,Ontario,0
CUST-01862,8,52.95,1,two-year,credit-card,no,dsl,236.5,0,West,0
CUST-01863,72,67.55,1,two-year,credit-card,yes,fiber,461.4,0,Ontario,0
CUST-01864,41,59.86,0,month-to-month,bank-transfer,no,dsl,83.6,2,Ontario,0
CUST-01865,10,59.69,0,one-year,electronic-check,no,dsl,101.3,0,Quebec,0
CUST-01866,26,62.78,1,two-year,bank-transfer,yes,fiber,421.4,0,Ontario,0
CUST-01867,24,66.79,0,two-year,credit-card,yes,fiber,325.9,0,Ontario,0
CUST-01868,40,73.52,1,month-to-month,credit-card,yes,fiber,372.1,2,Ontario,1
CUST-01869,12,74.75,3,month-to-month,bank-transfer,no,fiber,400.8,0,West,0
CUST-01870,9,62.07,3,two-year,electronic-check,yes,dsl,238.7,0,Atlantic,0
CUST-01871,31,66.88,0,month-to-month,credit-card,no,fiber,379.9,1,Quebec,1
CUST-01872,13,76.64,0,month-to-month,credit-card,no,fiber,402.0,0,Ontario,1
CUST-01873,72,66.98,0,two-year,credit-card,yes,dsl,277.1,2,West,0
CUST-01874,51,57.49,3,two-year,credit-card,yes,dsl,40.0,0,Ontario,0
CUST-01875,49,55.92,3,two-year,bank-transfer,yes,dsl,209.3,0,Atlantic,0
CUST-01876,3,54.53,1,one-year,credit-card,yes,dsl,223.1,3,Quebec,0
CUST-01877,19,66.52,0,month-to-month,electronic-check,no,fiber,475.4,0,Ontario,0
CUST-01878,22,47.15,0,month-to-month,electronic-check,yes,dsl,147.4,1,Quebec,0
CUST-01879,11,69.87,0,month-to-month,mailed-check,no,fiber,349.5,0,Ontario,0
CUST-01880,43,77.73,0,one-year,mailed-check,yes,fiber,569.2,0,West,0
CUST-01881,39,63.66,0,month-to-month,credit-card,no,fiber,367.2,0,Ontario,0
CUST-01882,48,56.21,1,one-year,credit-card,yes,dsl,95.1,0,West,0
CUST-01883,58,54.99,1,month-to-month,bank-transfer,yes,dsl,191.7,0,West,0
CUST-01884,56,91.67,4,one-year,electronic-check,yes,fiber,377.2,0,West,0
CUST-01885,72,64.59,1,month-to-month,credit-card,no,dsl,279.3,2,West,0
CUST-01886,28,64.42,1,month-to-month,bank-transfer,yes,dsl,167.5,0,Ontario,0
CUST-01887,24,82.66,0,month-to-month,credit-card,yes,fiber,540.3,1,Quebec,1
CUST-01888,43,51.27,1,month-to-month,credit-card,no,dsl,228.1,1,West,0
CUST-01889,65,87.46,1,two-year,electronic-check,yes,fiber,407.0,1,Ontario,0
CUST-01890,6,39.67,1,month-to-month,electronic-check,yes,none,106.7,1,Ontario,1
CUST-01891,14,72.53,3,month-to-month,bank-transfer,yes,fiber,384.7,0,Ontario,0
CUST-01892,17,60.25,1,one-year,mailed-check,yes,fiber,412.8,0,Ontario,0
CUST-01893,30,68.78,0,month-to-month,credit-card,yes,fiber,485.0,0,West,0
CUST-01894,19,54.46,0,month-to-month,credit-card,yes,fiber,459.3,1,Quebec,0
CUST-01895,59,54.39,2,month-to-month,bank-transfer,yes,dsl,132.7,0,West,0
CUST-01896,33,66.95,0,month-to-month,electronic-check,yes,fiber,309.4,1,Atlantic,1
CUST-01897,26,68.82,5,one-year,bank-transfer,yes,fiber,438.4,2,Ontario,1
CUST-01898,39,58.45,2,month-to-month,credit-card,yes,fiber,378.2,1,West,0
CUST-01899,4,64.39,2,month-to-month,mailed-check,yes,dsl,192.5,0,Ontario,0
CUST-01900,38,63.22,2,month-to-month,credit-card,yes,dsl,154.2,1,Ontario,1
CUST-01901,13,90.74,1,one-year,bank-transfer,yes,fiber,379.0,0,Ontario,1
CUST-01902,52,90.45,5,month-to-month,electronic-check,no,fiber,417.2,1,Ontario,0
CUST-01903,5,74.64,1,two-year,mailed-check,yes,fiber,433.8,1,Ontario,0
CUST-01904,41,67.75,1,month-to-month,electronic-check,no,dsl,249.1,1,Quebec,0
CUST-01905,13,59.74,1,one-year,mailed-check,yes,dsl,226.0,1,Ontario,0
CUST-01906,66,52.51,1,month-to-month,credit-card,yes,dsl,368.0,1,Ontario,0
CUST-01907,6,54.08,0,month-to-month,electronic-check,no,dsl,202.0,0,West,0
CUST-01908,29,79.71,1,month-to-month,electronic-check,yes,fiber,382.8,0,Ontario,0
CUST-01909,47,99.92,1,one-year,bank-transfer,no,dsl,175.9,0,West,0
CUST-01910,36,85.25,1,two-year,bank-transfer,yes,fiber,488.3,0,Atlantic,0
CUST-01911,36,75.59,5,month-to-month,mailed-check,yes,fiber,525.3,0,West,1
CUST-01912,9,78.08,1,month-to-month,credit-card,yes,fiber,554.0,0,Quebec,0
CUST-01913,8,77.99,2,two-year,bank-transfer,no,fiber,353.6,4,West,0
CUST-01914,35,37.05,1,month-to-month,electronic-check,yes,none,120.9,0,West,1
CUST-01915,31,80.94,2,month-to-month,mailed-check,yes,fiber,436.1,0,Atlantic,1
CUST-01916,11,55.37,1,month-to-month,mailed-check,no,dsl,111.2,0,Atlantic,0
CUST-01917,11,46.38,2,one-year,mailed-check,yes,dsl,172.7,0,Quebec,0
CUST-01918,26,62.06,1,one-year,credit-card,yes,dsl,292.9,2,Quebec,0
CUST-01919,21,44.46,2,one-year,mailed-check,yes,none,50.9,2,West,0
CUST-01920,72,71.47,0,two-year,bank-transfer,yes,fiber,337.0,0,Ontario,0
CUST-01921,69,76.25,1,month-to-month,electronic-check,yes,fiber,337.6,2,Quebec,1
CUST-01922,50,83.09,0,month-to-month,bank-transfer,yes,fiber,335.3,0,West,0
CUST-01923,72,72.46,1,month-to-month,electronic-check,no,fiber,377.8,2,West,1
CUST-01924,16,52.31,2,month-to-month,bank-transfer,yes,dsl,196.6,1,Ontario,1
CUST-01925,18,65.55,1,month-to-month,electronic-check,yes,fiber,344.3,2,Ontario,1
CUST-01926,62,70.34,3,month-to-month,credit-card,yes,fiber,403.6,2,Ontario,1
CUST-01927,29,89.12,2,month-to-month,credit-card,yes,fiber,559.2,1,Quebec,0
CUST-01928,30,70.92,1,one-year,bank-transfer,yes,fiber,577.5,0,Atlantic,0
CUST-01929,10,60.77,2,month-to-month,credit-card,yes,dsl,321.8,1,West,1
CUST-01930,60,69.59,1,month-to-month,electronic-check,no,fiber,287.4,1,Ontario,0
CUST-01931,43,52.69,3,one-year,credit-card,yes,dsl,332.3,0,Ontario,0
CUST-01932,23,47.77,1,one-year,bank-transfer,no,dsl,197.8,0,West,0
CUST-01933,19,58.05,2,one-year,credit-card,no,dsl,196.6,1,West,0
CUST-01934,67,67.57,3,two-year,credit-card,yes,fiber,527.5,1,Quebec,0
CUST-01935,16,70.37,1,one-year,electronic-check,no,dsl,249.8,0,Ontario,0
CUST-01936,7,71.87,3,month-to-month,credit-card,no,fiber,281.2,0,Ontario,1
CUST-01937,70,72.53,2,month-to-month,credit-card,yes,fiber,387.9,0,West,0
CUST-01938,71,55.11,0,one-year,credit-card,yes,dsl,158.9,2,Quebec,0
CUST-01939,16,60.9,0,month-to-month,credit-card,yes,dsl,76.9,0,Ontario,1
CUST-01940,72,88.65,1,month-to-month,electronic-check,yes,fiber,524.8,1,Atlantic,0
CUST-01941,26,46.08,0,month-to-month,credit-card,no,dsl,312.3,0,West,0
CUST-01942,17,75.92,3,month-to-month,bank-transfer,yes,fiber,439.1,0,Atlantic,1
CUST-01943,42,40.53,3,month-to-month,electronic-check,yes,dsl,215.4,1,Quebec,0
CUST-01944,9,50.84,3,month-to-month,bank-transfer,yes,none,11.0,1,Quebec,0
CUST-01945,12,55.86,0,two-year,bank-transfer,no,dsl,198.4,0,Atlantic,0
CUST-01946,35,41.3,1,two-year,credit-card,yes,dsl,285.0,1,Atlantic,0
CUST-01947,31,43.6,0,month-to-month,mailed-check,yes,dsl,39.9,0,Atlantic,0
CUST-01948,54,65.55,1,two-year,bank-transfer,yes,dsl,231.3,0,West,1
CUST-01949,10,39.52,3,month-to-month,credit-card,no,dsl,191.0,1,Quebec,0
CUST-01950,72,59.92,0,two-year,mailed-check,yes,dsl,129.4,1,Ontario,0
CUST-01951,20,68.5,0,two-year,electronic-check,yes,fiber,397.2,0,Ontario,0
CUST-01952,30,54.96,1,month-to-month,electronic-check,yes,dsl,345.8,0,Atlantic,0
CUST-01953,20,65.92,1,one-year,mailed-check,yes,fiber,327.2,0,Ontario,0
CUST-01954,8,28.0,1,two-year,credit-card,yes,none,0.0,0,West,0
CUST-01955,28,67.88,1,two-year,electronic-check,no,fiber,578.5,0,Atlantic,0
CUST-01956,46,79.01,1,two-year,electronic-check,no,fiber,332.0,1,Atlantic,0
CUST-01957,24,53.93,0,month-to-month,bank-transfer,yes,dsl,151.2,1,Atlantic,0
CUST-01958,14,77.42,0,month-to-month,credit-card,no,fiber,443.6,0,Quebec,1
CUST-01959,55,70.46,3,two-year,credit-card,yes,fiber,475.1,1,Quebec,0
CUST-01960,57,63.42,1,one-year,mailed-check,yes,dsl,183.2,1,Atlantic,0
CUST-01961,23,77.36,2,one-year,credit-card,yes,fiber,363.9,1,Ontario,0
CUST-01962,37,67.32,0,month-to-month,credit-card,yes,fiber,478.0,0,Ontario,1
CUST-01963,55,62.99,1,one-year,electronic-check,yes,fiber,431.4,0,Atlantic,0
CUST-01964,46,83.03,0,month-to-month,electronic-check,yes,fiber,493.4,1,West,0
CUST-01965,36,64.46,1,one-year,credit-card,yes,fiber,518.5,0,Quebec,0
CUST-01966,44,78.26,2,month-to-month,electronic-check,no,fiber,313.7,0,Ontario,0
CUST-01967,39,73.33,1,one-year,bank-transfer,yes,fiber,527.8,0,Quebec,0
CUST-01968,29,68.14,2,two-year,electronic-check,yes,fiber,418.4,0,Atlantic,0
CUST-01969,10,77.51,3,month-to-month,credit-card,yes,fiber,510.1,2,Quebec,1
CUST-01970,12,71.36,0,month-to-month,credit-card,no,dsl,232.0,2,Ontario,0
CUST-01971,40,63.57,3,month-to-month,electronic-check,yes,dsl,347.6,1,Quebec,1
CUST-01972,19,74.36,0,two-year,credit-card,yes,fiber,440.5,0,West,0
CUST-01973,39,90.03,4,one-year,bank-transfer,no,fiber,405.7,3,Atlantic,0
CUST-01974,9,39.42,2,month-to-month,credit-card,yes,dsl,146.4,0,Ontario,0
CUST-01975,15,45.32,1,month-to-month,electronic-check,no,dsl,101.8,0,Quebec,0
CUST-01976,24,68.12,0,month-to-month,mailed-check,yes,fiber,508.7,0,Ontario,0
CUST-01977,2,87.9,1,month-to-month,electronic-check,no,fiber,346.4,0,Quebec,0
CUST-01978,13,82.9,2,two-year,mailed-check,yes,fiber,507.9,1,Ontario,0
CUST-01979,17,38.98,2,one-year,mailed-check,no,dsl,171.0,0,Quebec,0
CUST-01980,32,33.42,2,month-to-month,bank-transfer,yes,none,0.0,0,Quebec,0
CUST-01981,23,24.1,1,two-year,bank-transfer,yes,none,138.5,0,Ontario,0
CUST-01982,34,72.58,1,month-to-month,mailed-check,no,fiber,153.1,1,Ontario,1
CUST-01983,30,82.47,0,two-year,mailed-check,yes,fiber,433.1,0,Ontario,0
CUST-01984,22,83.24,1,month-to-month,mailed-check,yes,fiber,459.9,0,Ontario,1
CUST-01985,17,75.81,2,one-year,electronic-check,yes,fiber,244.0,0,West,0
CUST-01986,30,68.54,3,two-year,credit-card,yes,fiber,477.5,0,Ontario,0
CUST-01987,65,56.0,0,month-to-month,mailed-check,yes,dsl,133.1,1,Ontario,0
CUST-01988,17,80.17,0,one-year,mailed-check,yes,fiber,418.9,0,Atlantic,0
CUST-01989,72,62.65,3,two-year,electronic-check,yes,none,126.2,0,Ontario,0
CUST-01990,31,60.56,2,month-to-month,electronic-check,yes,fiber,452.1,0,West,1
CUST-01991,52,89.68,0,month-to-month,bank-transfer,no,fiber,410.2,2,Quebec,0
CUST-01992,37,59.56,2,one-year,mailed-check,yes,dsl,175.5,1,West,0
CUST-01993,41,65.61,2,month-to-month,credit-card,yes,dsl,341.0,0,Quebec,0
CUST-01994,13,74.94,0,month-to-month,electronic-check,yes,fiber,474.4,0,Ontario,1
CUST-01995,19,71.74,1,month-to-month,credit-card,yes,dsl,114.9,2,West,0
CUST-01996,6,76.46,0,one-year,bank-transfer,yes,fiber,398.5,1,West,0
CUST-01997,24,66.19,3,month-to-month,credit-card,yes,fiber,338.8,0,Ontario,0
CUST-01998,44,77.73,2,month-to-month,bank-transfer,yes,fiber,401.6,0,West,0
CUST-01999,24,84.83,0,two-year,credit-card,no,fiber,576.7,0,Quebec,0
CUST-02000,54,57.0,2,month-to-month,mailed-check,yes,dsl,175.9,0,West,0
CUST-02001,21,51.22,3,two-year,bank-transfer,yes,fiber,326.4,1,West,0
CUST-02002,16,55.79,0,month-to-month,mailed-check,yes,dsl,226.6,0,Ontario,0
CUST-02003,19,58.03,1,two-year,credit-card,yes,dsl,156.6,0,West,0
CUST-02004,47,72.53,1,one-year,credit-card,no,fiber,487.7,0,Atlantic,0
CUST-02005,72,67.8,2,month-to-month,electronic-check,no,fiber,419.4,0,West,0
CUST-02006,72,86.89,1,two-year,electronic-check,no,fiber,562.8,0,Ontario,0
CUST-02007,44,32.08,1,month-to-month,bank-transfer,yes,dsl,112.6,0,West,0
CUST-02008,52,57.99,1,month-to-month,electronic-check,yes,dsl,91.0,0,West,0
CUST-02009,7,58.13,1,month-to-month,electronic-check,no,dsl,269.7,0,Ontario,1
CUST-02010,9,95.0,1,one-year,bank-transfer,no,fiber,269.7,2,West,1
CUST-02011,14,72.85,3,month-to-month,mailed-check,yes,fiber,425.4,1,Quebec,1
CUST-02012,68,61.68,2,month-to-month,electronic-check,yes,dsl,258.1,1,West,0
CUST-02013,67,74.31,1,month-to-month,electronic-check,yes,fiber,253.5,0,West,0
CUST-02014,72,57.99,0,month-to-month,bank-transfer,yes,dsl,195.5,1,Ontario,0
CUST-02015,13,91.51,1,month-to-month,credit-card,yes,fiber,312.8,0,Atlantic,0
CUST-02016,26,61.33,1,month-to-month,credit-card,yes,fiber,283.2,2,Quebec,0
CUST-02017,5,65.99,0,month-to-month,electronic-check,no,fiber,349.4,2,Quebec,0
CUST-02018,8,80.92,0,month-to-month,electronic-check,yes,fiber,424.4,2,Ontario,0
CUST-02019,22,59.7,3,one-year,bank-transfer,no,dsl,130.0,1,Ontario,0
CUST-02020,14,70.03,1,month-to-month,electronic-check,yes,fiber,534.1,2,West,1
CUST-02021,14,37.26,1,one-year,credit-card,yes,none,19.0,0,Quebec,0
CUST-02022,17,66.6,1,month-to-month,credit-card,no,dsl,148.4,0,Atlantic,1
CUST-02023,72,62.09,2,month-to-month,mailed-check,yes,dsl,78.7,0,Atlantic,0
CUST-02024,59,49.51,1,month-to-month,bank-transfer,yes,dsl,209.0,0,West,0
CUST-02025,12,59.5,2,month-to-month,credit-card,yes,dsl,365.0,2,Ontario,1
CUST-02026,58,56.48,2,month-to-month,bank-transfer,yes,dsl,130.3,0,West,0
CUST-02027,15,77.94,0,two-year,bank-transfer,no,fiber,390.2,3,Ontario,0
CUST-02028,7,69.63,2,month-to-month,electronic-check,no,fiber,349.8,1,West,1
CUST-02029,17,44.31,0,month-to-month,mailed-check,no,dsl,290.7,0,Quebec,0
CUST-02030,35,80.06,0,one-year,bank-transfer,yes,fiber,518.8,1,Atlantic,0
CUST-02031,13,78.76,0,month-to-month,bank-transfer,no,fiber,402.1,0,Ontario,0
CUST-02032,43,71.86,0,month-to-month,bank-transfer,yes,dsl,139.1,2,Ontario,0
CUST-02033,18,59.18,1,month-to-month,bank-transfer,yes,fiber,359.8,0,Atlantic,0
CUST-02034,37,56.26,1,month-to-month,credit-card,no,dsl,165.4,0,Quebec,1
CUST-02035,12,54.58,2,month-to-month,credit-card,yes,dsl,276.7,1,West,1
CUST-02036,28,68.84,0,one-year,electronic-check,yes,fiber,443.5,0,Atlantic,0
CUST-02037,14,40.82,1,two-year,bank-transfer,no,dsl,299.5,0,Quebec,0
CUST-02038,23,61.8,1,month-to-month,bank-transfer,yes,fiber,378.8,0,Quebec,0
CUST-02039,72,59.84,1,one-year,credit-card,yes,dsl,0.0,0,Quebec,0
CUST-02040,20,51.75,2,one-year,electronic-check,yes,dsl,411.5,1,West,1
CUST-02041,9,64.32,4,month-to-month,credit-card,no,fiber,458.2,0,Atlantic,1
CUST-02042,30,88.02,0,one-year,bank-transfer,yes,fiber,506.2,0,Ontario,0
CUST-02043,30,97.92,0,one-year,electronic-check,yes,fiber,373.1,1,West,1
CUST-02044,30,72.41,1,two-year,bank-transfer,yes,fiber,324.2,0,Ontario,0
CUST-02045,41,57.23,2,two-year,mailed-check,yes,fiber,453.2,2,Quebec,0
CUST-02046,19,42.16,1,month-to-month,credit-card,yes,none,0.0,0,West,1
CUST-02047,44,51.1,1,month-to-month,electronic-check,no,fiber,417.3,1,West,0
CUST-02048,27,42.82,2,month-to-month,mailed-check,no,dsl,276.9,2,Quebec,0
CUST-02049,9,77.34,2,month-to-month,bank-transfer,no,fiber,478.1,2,Ontario,0
CUST-02050,49,23.47,3,month-to-month,electronic-check,no,none,33.7,0,Ontario,1
CUST-02051,32,69.89,1,two-year,bank-transfer,yes,fiber,588.2,2,Ontario,0
CUST-02052,43,57.42,1,month-to-month,electronic-check,yes,fiber,471.9,0,Ontario,0
CUST-02053,10,57.59,1,month-to-month,mailed-check,yes,dsl,28.1,1,West,1
CUST-02054,51,84.79,0,two-year,electronic-check,yes,fiber,427.3,0,Ontario,0
CUST-02055,72,50.57,1,month-to-month,mailed-check,yes,dsl,353.7,0,Ontario,0
CUST-02056,9,72.8,2,month-to-month,bank-transfer,yes,fiber,413.7,1,West,1
CUST-02057,55,48.43,1,two-year,bank-transfer,no,dsl,348.4,0,Ontario,0
CUST-02058,32,49.17,0,month-to-month,credit-card,yes,dsl,277.0,0,Ontario,0
CUST-02059,28,48.27,2,month-to-month,electronic-check,yes,dsl,155.3,1,Atlantic,1
CUST-02060,51,81.25,1,month-to-month,mailed-check,no,fiber,348.2,0,Ontario,0
CUST-02061,47,58.16,3,two-year,electronic-check,yes,fiber,468.9,0,Ontario,0
CUST-02062,65,69.52,0,month-to-month,credit-card,yes,fiber,548.0,1,Quebec,0
CUST-02063,10,77.3,2,month-to-month,bank-transfer,yes,fiber,305.8,0,Ontario,0
CUST-02064,67,82.55,0,month-to-month,electronic-check,yes,fiber,450.2,2,Ontario,0
CUST-02065,36,42.63,0,month-to-month,mailed-check,yes,none,0.0,3,Ontario,1
CUST-02066,6,56.24,1,two-year,credit-card,no,dsl,161.1,1,Ontario,0
CUST-02067,20,51.03,1,month-to-month,credit-card,no,dsl,49.3,0,West,0
CUST-02068,32,82.72,3,two-year,bank-transfer,no,fiber,487.8,1,Quebec,0
CUST-02069,20,63.89,0,month-to-month,credit-card,no,fiber,381.4,1,Ontario,0
CUST-02070,25,64.05,0,month-to-month,mailed-check,yes,fiber,538.4,2,Ontario,0
CUST-02071,17,87.2,0,two-year,bank-transfer,no,fiber,394.1,1,Atlantic,0
CUST-02072,72,76.78,2,month-to-month,bank-transfer,yes,fiber,386.3,1,Ontario,0
CUST-02073,45,77.15,1,month-to-month,credit-card,yes,fiber,302.7,0,West,0
CUST-02074,29,79.28,2,two-year,bank-transfer,no,fiber,473.2,0,Ontario,0
CUST-02075,12,37.0,0,month-to-month,mailed-check,yes,none,53.8,0,Atlantic,0
CUST-02076,65,57.9,1,month-to-month,bank-transfer,yes,fiber,519.9,0,Ontario,0
CUST-02077,41,75.64,1,two-year,credit-card,no,fiber,495.7,0,Ontario,0
CUST-02078,13,72.81,2,month-to-month,credit-card,yes,fiber,474.1,1,Quebec,1
CUST-02079,13,63.98,0,month-to-month,mailed-check,yes,fiber,490.6,0,Ontario,0
CUST-02080,26,45.56,1,month-to-month,mailed-check,yes,dsl,249.2,0,West,0
CUST-02081,30,72.51,1,month-to-month,credit-card,yes,fiber,517.2,0,West,0
CUST-02082,44,42.74,1,month-to-month,electronic-check,yes,dsl,60.2,0,West,0
CUST-02083,27,71.49,2,one-year,credit-card,yes,fiber,400.7,1,Ontario,0
CUST-02084,47,70.23,0,month-to-month,bank-transfer,yes,fiber,302.0,2,West,1
CUST-02085,20,36.75,0,one-year,credit-card,yes,none,40.2,2,Ontario,0
CUST-02086,27,77.23,0,month-to-month,electronic-check,yes,fiber,578.5,0,Atlantic,1
CUST-02087,67,63.53,0,month-to-month,mailed-check,yes,dsl,266.2,0,West,1
CUST-02088,48,65.53,1,month-to-month,credit-card,yes,fiber,388.4,0,Quebec,0
CUST-02089,28,47.13,4,one-year,bank-transfer,yes,none,55.0,0,West,0
CUST-02090,35,70.7,1,month-to-month,credit-card,yes,fiber,469.7,1,Quebec,0
CUST-02091,27,91.41,0,month-to-month,bank-transfer,yes,fiber,459.8,0,Quebec,0
CUST-02092,8,50.85,2,two-year,credit-card,no,dsl,79.2,0,Ontario,0
CUST-02093,72,56.08,1,one-year,credit-card,yes,fiber,551.8,0,West,0
CUST-02094,13,81.75,1,month-to-month,mailed-check,yes,fiber,339.9,1,Ontario,1
CUST-02095,21,42.47,2,two-year,credit-card,yes,none,0.0,0,Ontario,0
CUST-02096,72,69.62,3,month-to-month,electronic-check,yes,dsl,271.5,0,West,0
CUST-02097,11,60.25,1,month-to-month,credit-card,yes,dsl,158.3,1,Ontario,0
CUST-02098,26,81.57,3,month-to-month,bank-transfer,yes,dsl,196.7,2,West,0
CUST-02099,70,55.02,0,month-to-month,bank-transfer,no,dsl,200.2,0,Ontario,0
CUST-02100,72,67.99,0,month-to-month,mailed-check,yes,dsl,195.6,1,Quebec,0
CUST-02101,40,51.48,0,one-year,credit-card,yes,dsl,199.8,2,West,0
CUST-02102,65,78.16,0,month-to-month,credit-card,no,fiber,458.2,0,Ontario,0
CUST-02103,24,80.12,1,one-year,electronic-check,yes,fiber,446.3,1,West,0
CUST-02104,1,65.74,2,two-year,electronic-check,yes,dsl,113.9,0,Quebec,0
CUST-02105,62,65.15,1,one-year,electronic-check,yes,dsl,58.2,1,West,0
CUST-02106,28,39.01,0,one-year,credit-card,yes,fiber,524.8,2,Ontario,0
CUST-02107,22,72.28,1,one-year,credit-card,no,fiber,528.7,0,West,0
CUST-02108,20,66.96,1,two-year,electronic-check,yes,fiber,468.7,0,Quebec,1
CUST-02109,46,69.03,1,month-to-month,electronic-check,yes,fiber,468.0,1,Quebec,1
CUST-02110,46,54.02,2,month-to-month,electronic-check,yes,dsl,112.2,0,Ontario,1
CUST-02111,28,83.26,1,month-to-month,credit-card,no,fiber,232.7,1,Ontario,1
CUST-02112,39,59.13,1,month-to-month,credit-card,yes,dsl,168.9,0,Quebec,0
CUST-02113,11,51.67,0,month-to-month,mailed-check,yes,dsl,28.7,1,Ontario,0
CUST-02114,24,22.58,2,one-year,electronic-check,yes,none,27.7,1,Quebec,0
CUST-02115,11,89.1,1,month-to-month,credit-card,yes,fiber,550.9,1,West,0
CUST-02116,11,31.2,1,two-year,mailed-check,yes,none,0.0,0,Quebec,0
CUST-02117,36,55.63,1,month-to-month,bank-transfer,yes,dsl,142.5,1,Ontario,1
CUST-02118,29,79.46,2,month-to-month,bank-transfer,no,dsl,104.5,0,Ontario,0
CUST-02119,20,66.49,0,month-to-month,bank-transfer,yes,fiber,443.8,1,Quebec,1
CUST-02120,23,70.11,2,month-to-month,electronic-check,yes,fiber,437.2,1,West,1
CUST-02121,38,59.44,3,month-to-month,bank-transfer,no,dsl,103.4,0,West,1
CUST-02122,47,56.14,0,month-to-month,bank-transfer,yes,fiber,517.6,0,Quebec,0
CUST-02123,41,54.92,2,month-to-month,electronic-check,yes,fiber,669.7,0,West,0
CUST-02124,5,51.94,0,month-to-month,credit-card,yes,dsl,291.1,2,Ontario,1
CUST-02125,2,52.31,1,month-to-month,mailed-check,no,dsl,180.6,0,Atlantic,0
CUST-02126,15,74.41,2,month-to-month,bank-transfer,yes,fiber,429.6,0,Ontario,1
CUST-02127,2,62.73,1,month-to-month,bank-transfer,no,fiber,396.3,0,Ontario,0
CUST-02128,72,77.56,1,month-to-month,electronic-check,yes,fiber,394.6,0,Ontario,0
CUST-02129,23,20.0,2,month-to-month,electronic-check,yes,none,93.4,0,Ontario,0
CUST-02130,8,37.26,2,month-to-month,bank-transfer,no,none,97.1,0,West,1
CUST-02131,22,76.78,1,month-to-month,electronic-check,yes,fiber,340.6,0,Ontario,0
CUST-02132,4,76.45,0,one-year,mailed-check,yes,fiber,471.1,1,Ontario,0
CUST-02133,9,71.29,1,two-year,electronic-check,yes,fiber,534.4,0,Ontario,0
CUST-02134,21,66.07,3,two-year,electronic-check,yes,fiber,410.2,0,Atlantic,0
CUST-02135,18,54.99,3,month-to-month,credit-card,no,dsl,172.0,1,West,1
CUST-02136,21,85.96,1,month-to-month,bank-transfer,yes,fiber,499.2,0,Atlantic,0
CUST-02137,39,66.71,1,month-to-month,bank-transfer,yes,fiber,501.6,2,West,1
CUST-02138,55,83.27,1,one-year,credit-card,yes,fiber,476.5,0,West,0
CUST-02139,31,84.94,1,one-year,electronic-check,no,fiber,461.6,1,Quebec,0
CUST-02140,57,38.77,2,two-year,bank-transfer,yes,dsl,223.0,0,Ontario,0
CUST-02141,19,55.65,3,two-year,credit-card,yes,dsl,166.4,1,Ontario,0
CUST-02142,62,46.73,1,month-to-month,credit-card,yes,dsl,95.0,2,Ontario,0
CUST-02143,31,57.23,2,one-year,credit-card,no,fiber,307.7,1,West,1
CUST-02144,52,46.32,4,one-year,bank-transfer,no,none,62.6,0,Ontario,0
CUST-02145,19,77.97,1,month-to-month,electronic-check,yes,fiber,449.2,1,Ontario,0
CUST-02146,30,59.77,0,two-year,bank-transfer,yes,dsl,228.7,0,West,0
CUST-02147,72,45.6,0,month-to-month,credit-card,yes,dsl,119.5,2,Ontario,0
CUST-02148,30,75.21,2,two-year,credit-card,yes,fiber,448.7,0,Ontario,0
CUST-02149,54,43.24,2,one-year,electronic-check,yes,dsl,196.7,0,Ontario,0
CUST-02150,59,73.81,0,month-to-month,credit-card,yes,fiber,548.7,1,West,1
CUST-02151,44,50.05,1,one-year,bank-transfer,yes,dsl,262.4,0,Ontario,0
CUST-02152,49,84.03,0,month-to-month,bank-transfer,yes,fiber,377.1,0,Ontario,0
CUST-02153,19,69.19,1,one-year,bank-transfer,yes,fiber,482.9,4,Ontario,1
CUST-02154,14,75.43,1,one-year,mailed-check,yes,fiber,376.5,0,West,0
CUST-02155,12,75.45,2,one-year,electronic-check,no,fiber,217.9,0,Ontario,0
CUST-02156,38,72.2,1,two-year,mailed-check,yes,fiber,586.7,0,Ontario,0
CUST-02157,29,74.11,0,month-to-month,electronic-check,no,fiber,408.1,1,West,1
CUST-02158,36,60.19,0,month-to-month,credit-card,no,dsl,278.4,1,West,0
CUST-02159,10,63.59,1,month-to-month,credit-card,no,fiber,383.8,0,Ontario,0
CUST-02160,16,77.23,0,month-to-month,bank-transfer,no,fiber,371.4,1,Ontario,0
CUST-02161,53,47.07,0,month-to-month,bank-transfer,no,none,0.0,0,Ontario,0
CUST-02162,33,42.17,2,month-to-month,bank-transfer,yes,none,33.5,1,West,1
CUST-02163,31,69.28,1,month-to-month,credit-card,yes,fiber,455.0,0,Ontario,1
CUST-02164,24,74.83,0,month-to-month,credit-card,no,fiber,482.3,0,Atlantic,0
CUST-02165,15,53.18,1,two-year,bank-transfer,yes,dsl,147.8,1,West,0
CUST-02166,63,55.75,1,month-to-month,electronic-check,yes,dsl,193.4,0,Quebec,0
CUST-02167,71,60.53,2,two-year,electronic-check,yes,fiber,368.3,0,Ontario,0
CUST-02168,30,71.49,1,month-to-month,mailed-check,yes,dsl,314.9,2,West,0
CUST-02169,26,93.32,0,month-to-month,credit-card,yes,fiber,328.3,2,West,1
CUST-02170,72,65.61,0,month-to-month,bank-transfer,yes,fiber,370.1,3,West,0
CUST-02171,17,65.25,1,month-to-month,mailed-check,yes,dsl,154.0,0,Ontario,0
CUST-02172,20,72.31,2,month-to-month,electronic-check,yes,dsl,393.1,0,West,0
CUST-02173,52,46.94,1,month-to-month,bank-transfer,yes,dsl,255.2,0,West,0
CUST-02174,20,50.34,1,month-to-month,bank-transfer,no,fiber,367.4,1,Atlantic,1
CUST-02175,29,88.93,1,month-to-month,credit-card,no,fiber,509.9,2,Quebec,0
CUST-02176,3,72.89,2,one-year,mailed-check,yes,fiber,483.8,1,Quebec,0
CUST-02177,72,67.55,1,month-to-month,electronic-check,yes,fiber,463.3,0,Quebec,0
CUST-02178,49,73.5,1,two-year,bank-transfer,no,fiber,499.1,1,West,0
CUST-02179,61,69.12,1,month-to-month,bank-transfer,yes,fiber,444.9,0,Atlantic,0
CUST-02180,13,88.07,0,two-year,bank-transfer,yes,dsl,204.5,3,Quebec,0
CUST-02181,72,51.43,0,one-year,credit-card,yes,dsl,58.0,0,Ontario,0
CUST-02182,27,76.44,0,two-year,electronic-check,no,fiber,562.7,0,Ontario,0
CUST-02183,64,86.57,2,two-year,bank-transfer,yes,fiber,402.0,0,Quebec,0
CUST-02184,37,70.52,1,month-to-month,credit-card,yes,dsl,84.8,1,West,0
CUST-02185,50,84.51,4,month-to-month,bank-transfer,yes,fiber,397.1,1,Ontario,1
CUST-02186,39,52.53,2,month-to-month,mailed-check,no,dsl,150.6,1,Ontario,1
CUST-02187,20,71.4,1,two-year,bank-transfer,no,fiber,371.9,0,Atlantic,0
CUST-02188,6,34.17,2,one-year,bank-transfer,yes,dsl,256.1,0,Quebec,0
CUST-02189,67,56.22,0,month-to-month,electronic-check,no,dsl,272.8,2,Ontario,0
CUST-02190,1,57.34,1,two-year,electronic-check,yes,dsl,23.5,0,Ontario,0
CUST-02191,54,64.79,1,month-to-month,electronic-check,no,dsl,146.2,1,Ontario,1
CUST-02192,67,75.85,1,one-year,electronic-check,no,dsl,152.3,0,Ontario,1
CUST-02193,8,80.47,0,one-year,credit-card,no,fiber,425.4,4,West,0
CUST-02194,21,68.24,1,month-to-month,mailed-check,yes,dsl,335.0,0,Quebec,0
CUST-02195,7,56.82,1,one-year,mailed-check,yes,dsl,120.8,0,West,1
CUST-02196,17,51.49,0,two-year,bank-transfer,yes,none,144.8,0,Quebec,0
CUST-02197,60,73.12,2,month-to-month,electronic-check,yes,fiber,427.6,0,Ontario,0
CUST-02198,50,84.98,1,month-to-month,credit-card,no,fiber,573.6,0,Ontario,0
CUST-02199,45,65.45,0,month-to-month,bank-transfer,yes,dsl,163.6,1,Ontario,0
CUST-02200,21,61.12,3,one-year,credit-card,yes,dsl,153.6,2,Ontario,1
CUST-02201,2,56.82,2,month-to-month,credit-card,yes,fiber,438.1,0,West,0
CUST-02202,9,84.48,0,two-year,mailed-check,yes,fiber,549.8,1,Ontario,0
CUST-02203,24,76.97,1,two-year,credit-card,yes,fiber,453.5,0,West,0
CUST-02204,11,80.38,1,month-to-month,bank-transfer,yes,fiber,457.8,1,Ontario,1
CUST-02205,55,76.29,1,month-to-month,credit-card,yes,fiber,494.1,2,Ontario,0
CUST-02206,72,78.1,1,one-year,bank-transfer,yes,fiber,365.2,1,Ontario,0
CUST-02207,37,86.66,0,one-year,bank-transfer,yes,fiber,468.6,0,Quebec,0
CUST-02208,8,33.02,2,month-to-month,bank-transfer,no,none,0.0,0,West,1
CUST-02209,69,77.91,1,month-to-month,electronic-check,yes,fiber,565.1,1,West,0
CUST-02210,31,64.84,0,month-to-month,mailed-check,yes,fiber,475.6,2,Ontario,1
CUST-02211,28,79.06,0,two-year,bank-transfer,no,fiber,498.9,1,Quebec,0
CUST-02212,43,75.64,0,month-to-month,mailed-check,yes,fiber,266.7,1,West,0
CUST-02213,10,31.37,2,two-year,electronic-check,yes,none,72.1,2,Ontario,0
CUST-02214,21,38.98,2,month-to-month,electronic-check,yes,none,0.0,1,Ontario,1
CUST-02215,27,67.03,0,two-year,credit-card,yes,fiber,317.8,0,Ontario,0
CUST-02216,35,69.03,2,month-to-month,credit-card,yes,fiber,448.1,0,Ontario,0
CUST-02217,37,76.73,1,month-to-month,electronic-check,no,fiber,310.9,1,West,0
CUST-02218,43,75.82,2,two-year,bank-transfer,yes,fiber,491.9,0,Ontario,0
CUST-02219,18,52.83,2,two-year,bank-transfer,yes,fiber,561.9,1,Quebec,0
CUST-02220,5,76.89,1,month-to-month,electronic-check,no,fiber,287.8,0,West,0
CUST-02221,24,69.82,0,month-to-month,credit-card,yes,fiber,437.5,3,Ontario,0
CUST-02222,26,52.65,0,month-to-month,electronic-check,yes,dsl,176.0,0,West,0
CUST-02223,5,61.16,2,month-to-month,bank-transfer,no,fiber,270.9,0,Ontario,0
CUST-02224,17,72.52,2,month-to-month,mailed-check,yes,fiber,517.9,3,Quebec,1
CUST-02225,32,67.51,0,two-year,credit-card,yes,fiber,493.2,0,Ontario,0
CUST-02226,19,86.37,1,month-to-month,credit-card,yes,fiber,612.2,1,Ontario,0
CUST-02227,32,54.63,2,one-year,electronic-check,no,fiber,482.2,1,Ontario,0
CUST-02228,18,62.88,1,month-to-month,credit-card,no,fiber,365.3,1,West,0
CUST-02229,45,62.17,1,month-to-month,mailed-check,no,fiber,483.7,1,West,0
CUST-02230,12,75.72,3,one-year,electronic-check,yes,fiber,549.2,0,West,1
CUST-02231,29,69.32,1,month-to-month,credit-card,yes,dsl,150.5,0,Ontario,0
CUST-02232,30,43.28,1,one-year,credit-card,yes,none,84.5,0,Atlantic,0
CUST-02233,53,61.51,3,month-to-month,mailed-check,no,fiber,239.8,0,Ontario,0
CUST-02234,22,68.49,1,two-year,electronic-check,yes,fiber,565.4,0,West,0
CUST-02235,72,48.5,1,one-year,mailed-check,yes,dsl,258.0,0,West,0
CUST-02236,72,62.33,2,two-year,credit-card,yes,dsl,0.0,0,Quebec,1
CUST-02237,13,68.28,2,month-to-month,mailed-check,yes,fiber,472.5,0,Quebec,0
CUST-02238,28,58.17,1,month-to-month,bank-transfer,yes,fiber,271.1,1,West,0
CUST-02239,9,79.14,0,month-to-month,electronic-check,no,fiber,388.1,0,West,1
CUST-02240,40,70.26,0,month-to-month,bank-transfer,yes,dsl,247.7,0,Ontario,0
CUST-02241,19,71.12,3,month-to-month,credit-card,yes,fiber,428.4,0,West,0
CUST-02242,31,74.26,1,month-to-month,mailed-check,yes,fiber,546.8,2,Ontario,1
CUST-02243,23,57.18,4,month-to-month,mailed-check,yes,fiber,445.4,0,Quebec,1
CUST-02244,72,51.38,1,month-to-month,bank-transfer,yes,fiber,436.8,0,West,0
CUST-02245,25,53.58,1,month-to-month,mailed-check,yes,fiber,533.4,0,West,0
CUST-02246,24,56.53,0,month-to-month,credit-card,yes,dsl,161.3,1,Quebec,0
CUST-02247,56,69.77,2,month-to-month,credit-card,no,fiber,437.9,2,Ontario,1
CUST-02248,61,78.74,1,one-year,credit-card,yes,fiber,449.1,0,Quebec,0
CUST-02249,34,70.92,1,month-to-month,bank-transfer,yes,fiber,434.3,2,Ontario,1
CUST-02250,62,67.37,0,month-to-month,credit-card,yes,dsl,288.6,1,Quebec,0
CUST-02251,72,82.16,1,month-to-month,bank-transfer,yes,fiber,383.3,0,Quebec,0
CUST-02252,22,69.61,2,one-year,credit-card,yes,fiber,369.4,1,West,1
CUST-02253,10,62.46,1,month-to-month,electronic-check,yes,fiber,349.8,0,Ontario,0
CUST-02254,38,36.88,0,one-year,electronic-check,yes,dsl,7.9,0,Ontario,0
CUST-02255,58,72.05,3,two-year,electronic-check,yes,dsl,316.1,2,Quebec,0
CUST-02256,72,47.1,1,month-to-month,credit-card,no,dsl,113.4,1,Ontario,0
CUST-02257,43,41.29,0,two-year,electronic-check,no,dsl,169.7,1,Ontario,0
CUST-02258,29,74.36,0,one-year,credit-card,no,fiber,572.4,0,Ontario,0
CUST-02259,15,57.38,0,month-to-month,electronic-check,yes,fiber,427.9,1,Quebec,1
CUST-02260,68,74.35,1,month-to-month,bank-transfer,yes,fiber,483.7,1,Ontario,0
CUST-02261,36,53.47,1,one-year,bank-transfer,yes,dsl,69.2,1,Quebec,0
CUST-02262,5,66.7,0,two-year,credit-card,yes,dsl,308.9,1,West,0
CUST-02263,72,81.79,2,month-to-month,electronic-check,yes,fiber,429.7,0,Quebec,0
CUST-02264,11,68.58,1,month-to-month,mailed-check,no,dsl,103.4,2,Ontario,1
CUST-02265,59,75.17,2,one-year,electronic-check,no,fiber,353.4,1,Ontario,0
CUST-02266,34,63.99,2,month-to-month,mailed-check,yes,fiber,583.6,1,Ontario,1
CUST-02267,6,62.11,1,one-year,mailed-check,yes,fiber,390.2,1,Quebec,1
CUST-02268,27,51.43,0,month-to-month,credit-card,no,dsl,105.3,4,West,0
CUST-02269,22,58.94,0,one-year,electronic-check,no,none,0.0,0,Ontario,0
CUST-02270,7,70.38,3,two-year,bank-transfer,yes,fiber,443.9,0,Ontario,0
CUST-02271,40,39.69,1,one-year,bank-transfer,yes,none,24.9,1,Ontario,0
CUST-02272,53,72.95,1,one-year,credit-card,yes,dsl,227.8,0,Ontario,0
CUST-02273,28,59.67,0,one-year,mailed-check,yes,dsl,210.0,1,Atlantic,0
CUST-02274,22,49.14,0,two-year,electronic-check,yes,dsl,245.0,1,Ontario,0
CUST-02275,42,80.67,2,two-year,credit-card,yes,fiber,416.8,1,Ontario,0
CUST-02276,1,52.5,2,month-to-month,bank-transfer,yes,dsl,366.1,0,Ontario,0
CUST-02277,20,60.04,1,month-to-month,bank-transfer,yes,dsl,148.5,1,Ontario,0
CUST-02278,21,62.38,1,month-to-month,electronic-check,no,dsl,305.0,0,Ontario,0
CUST-02279,29,67.81,0,two-year,mailed-check,yes,fiber,389.1,2,Ontario,0
CUST-02280,7,58.96,3,one-year,bank-transfer,yes,dsl,68.6,0,Ontario,0
CUST-02281,4,54.8,1,month-to-month,bank-transfer,yes,none,0.0,0,Ontario,0
CUST-02282,12,66.42,1,month-to-month,bank-transfer,no,fiber,465.8,1,Quebec,0
CUST-02283,40,51.83,0,month-to-month,bank-transfer,yes,none,110.8,1,Quebec,1
CUST-02284,21,66.8,0,one-year,bank-transfer,yes,fiber,342.2,2,Ontario,0
CUST-02285,11,91.92,1,month-to-month,credit-card,yes,fiber,365.4,1,West,0
CUST-02286,72,64.02,1,month-to-month,credit-card,yes,fiber,472.8,1,Ontario,0
CUST-02287,22,52.86,0,two-year,bank-transfer,no,dsl,189.8,2,Atlantic,0
CUST-02288,29,72.84,1,one-year,mailed-check,yes,dsl,140.2,1,Atlantic,0
CUST-02289,67,89.3,0,month-to-month,bank-transfer,yes,fiber,331.3,0,Quebec,1
CUST-02290,32,65.59,1,month-to-month,credit-card,yes,dsl,216.3,1,Ontario,0
CUST-02291,42,61.64,2,two-year,electronic-check,yes,fiber,495.5,0,West,0
CUST-02292,14,73.87,2,one-year,mailed-check,no,fiber,481.8,0,Ontario,0
CUST-02293,30,57.01,2,one-year,bank-transfer,yes,dsl,192.3,0,Ontario,0
CUST-02294,72,48.01,1,month-to-month,credit-card,no,dsl,100.3,0,Quebec,0
CUST-02295,38,64.32,1,month-to-month,electronic-check,yes,dsl,216.7,0,Quebec,0
CUST-02296,34,48.84,1,month-to-month,bank-transfer,yes,dsl,210.4,0,West,0
CUST-02297,24,24.45,0,one-year,electronic-check,no,none,0.0,1,West,0
CUST-02298,9,55.98,3,month-to-month,credit-card,yes,fiber,414.3,1,West,1
CUST-02299,62,90.98,1,month-to-month,credit-card,no,fiber,471.1,0,West,1
CUST-02300,27,67.64,1,one-year,bank-transfer,yes,fiber,433.3,0,West,0
CUST-02301,16,51.86,0,two-year,electronic-check,yes,dsl,23.4,0,Quebec,0
CUST-02302,8,46.18,0,one-year,bank-transfer,no,dsl,135.6,1,Atlantic,0
CUST-02303,36,71.36,0,month-to-month,credit-card,yes,dsl,129.9,0,Atlantic,0
CUST-02304,10,58.51,1,month-to-month,bank-transfer,yes,fiber,487.5,0,West,0
CUST-02305,62,60.36,1,month-to-month,electronic-check,yes,fiber,660.9,1,West,0
CUST-02306,17,53.62,0,month-to-month,credit-card,yes,dsl,201.4,0,Quebec,0
CUST-02307,31,37.77,2,month-to-month,electronic-check,yes,none,0.0,0,Ontario,1
CUST-02308,38,79.92,3,month-to-month,electronic-check,yes,fiber,426.4,2,West,0
CUST-02309,35,65.91,1,one-year,bank-transfer,no,fiber,440.9,0,Ontario,1
CUST-02310,54,89.22,1,two-year,mailed-check,yes,fiber,504.3,0,Ontario,0
CUST-02311,18,65.98,2,two-year,mailed-check,yes,fiber,545.6,1,Ontario,0
CUST-02312,29,62.41,2,month-to-month,credit-card,yes,fiber,558.2,2,Quebec,0
CUST-02313,44,61.41,0,month-to-month,credit-card,yes,fiber,485.7,1,Quebec,1
CUST-02314,72,48.87,1,month-to-month,credit-card,yes,dsl,189.9,0,Ontario,0
CUST-02315,51,60.73,1,month-to-month,credit-card,yes,fiber,566.1,0,Ontario,0
CUST-02316,58,80.88,0,month-to-month,bank-transfer,no,fiber,410.5,0,Ontario,0
CUST-02317,22,62.49,0,month-to-month,mailed-check,no,fiber,444.6,0,Ontario,0
CUST-02318,38,36.61,0,one-year,electronic-check,no,none,0.0,1,Ontario,0
CUST-02319,71,62.19,1,month-to-month,credit-card,no,fiber,258.8,1,West,0
CUST-02320,28,60.67,0,two-year,bank-transfer,yes,fiber,548.1,0,Ontario,0
CUST-02321,39,84.62,2,month-to-month,credit-card,no,fiber,497.4,0,Ontario,1
CUST-02322,6,73.83,1,month-to-month,bank-transfer,yes,dsl,0.0,1,Ontario,1
CUST-02323,47,70.32,5,month-to-month,credit-card,yes,dsl,275.1,0,Quebec,0
CUST-02324,34,57.55,2,month-to-month,mailed-check,yes,fiber,414.2,1,West,0
CUST-02325,45,59.01,3,month-to-month,electronic-check,yes,fiber,524.0,0,Ontario,1
CUST-02326,23,93.77,1,two-year,credit-card,yes,fiber,446.4,1,Ontario,0
CUST-02327,4,54.33,1,month-to-month,electronic-check,yes,dsl,74.6,2,West,1
CUST-02328,48,23.56,1,month-to-month,bank-transfer,yes,none,14.2,0,Ontario,0
CUST-02329,16,84.36,1,one-year,electronic-check,no,fiber,363.6,1,West,0
CUST-02330,7,73.71,2,month-to-month,bank-transfer,yes,fiber,336.1,0,Atlantic,1
CUST-02331,32,62.98,2,one-year,credit-card,yes,dsl,263.7,1,Quebec,0
CUST-02332,72,33.5,1,month-to-month,electronic-check,yes,dsl,223.3,1,Atlantic,0
CUST-02333,14,69.57,0,two-year,credit-card,yes,fiber,567.3,0,Ontario,0
CUST-02334,17,82.96,1,month-to-month,bank-transfer,no,fiber,406.5,0,Ontario,0
CUST-02335,50,66.28,2,month-to-month,credit-card,yes,fiber,358.2,0,Ontario,0
CUST-02336,24,69.97,3,one-year,electronic-check,yes,dsl,244.3,2,Ontario,0
CUST-02337,48,43.17,0,two-year,electronic-check,yes,dsl,119.1,1,Ontario,0
CUST-02338,23,55.82,3,month-to-month,credit-card,yes,dsl,163.6,1,Quebec,1
CUST-02339,21,74.27,1,one-year,bank-transfer,yes,dsl,234.6,0,Quebec,0
CUST-02340,15,60.92,2,month-to-month,electronic-check,no,fiber,429.3,0,Ontario,0
CUST-02341,36,75.85,0,month-to-month,credit-card,no,fiber,398.5,0,Quebec,0
CUST-02342,14,79.14,0,month-to-month,bank-transfer,yes,fiber,320.8,1,Ontario,0
CUST-02343,20,57.96,0,one-year,electronic-check,yes,dsl,269.6,1,Ontario,0
CUST-02344,62,54.37,0,month-to-month,bank-transfer,no,dsl,158.7,0,Ontario,1
CUST-02345,72,63.8,0,one-year,electronic-check,yes,fiber,492.5,1,West,0
CUST-02346,40,75.06,1,month-to-month,bank-transfer,no,fiber,481.3,0,Quebec,0
CUST-02347,63,55.92,1,two-year,electronic-check,yes,dsl,282.8,2,West,0
CUST-02348,21,41.92,0,two-year,credit-card,no,dsl,170.0,0,Ontario,0
CUST-02349,24,68.55,1,month-to-month,credit-card,yes,dsl,160.4,1,Quebec,0
CUST-02350,34,63.44,0,month-to-month,credit-card,no,fiber,345.8,0,Atlantic,0
CUST-02351,16,23.19,2,month-to-month,mailed-check,no,none,0.0,0,Ontario,0
CUST-02352,20,50.75,1,two-year,mailed-check,yes,dsl,219.0,0,Ontario,0
CUST-02353,47,47.63,0,month-to-month,electronic-check,yes,dsl,120.6,2,Ontario,0
CUST-02354,30,54.29,0,month-to-month,credit-card,yes,dsl,216.8,2,Ontario,0
CUST-02355,26,43.95,2,month-to-month,bank-transfer,no,dsl,314.7,2,Quebec,0
CUST-02356,25,42.7,2,one-year,electronic-check,yes,none,0.0,0,Ontario,0
CUST-02357,12,71.5,1,month-to-month,electronic-check,no,dsl,78.3,2,Quebec,1
CUST-02358,33,74.11,2,month-to-month,credit-card,yes,fiber,404.9,0,Atlantic,1
CUST-02359,16,57.84,0,two-year,mailed-check,yes,fiber,319.1,1,Ontario,0
CUST-02360,6,47.41,1,month-to-month,credit-card,no,dsl,303.4,2,Ontario,1
CUST-02361,10,59.32,0,two-year,credit-card,no,dsl,197.2,1,West,0
CUST-02362,25,52.35,1,month-to-month,mailed-check,yes,fiber,378.1,0,Quebec,0
CUST-02363,44,60.06,0,month-to-month,bank-transfer,no,fiber,392.4,0,West,0
CUST-02364,53,39.7,1,two-year,bank-transfer,yes,dsl,89.5,0,Ontario,0
CUST-02365,8,58.21,2,one-year,bank-transfer,yes,dsl,275.9,2,Quebec,0
CUST-02366,41,60.7,0,one-year,mailed-check,yes,none,168.2,1,Atlantic,0
CUST-02367,72,59.76,1,month-to-month,credit-card,yes,fiber,313.0,0,Ontario,0
CUST-02368,55,65.57,3,month-to-month,electronic-check,yes,dsl,278.7,0,West,0
CUST-02369,32,51.08,1,month-to-month,bank-transfer,yes,dsl,169.1,1,Quebec,0
CUST-02370,34,59.14,0,month-to-month,credit-card,no,fiber,547.7,1,West,0
CUST-02371,31,89.42,3,month-to-month,bank-transfer,yes,fiber,284.1,1,Ontario,0
CUST-02372,19,60.68,2,month-to-month,bank-transfer,yes,none,31.2,0,Quebec,0
CUST-02373,57,77.32,1,month-to-month,credit-card,yes,fiber,405.3,1,Ontario,0
CUST-02374,13,60.81,1,month-to-month,bank-transfer,yes,dsl,246.0,0,Atlantic,1
CUST-02375,33,57.65,0,month-to-month,electronic-check,yes,dsl,195.2,0,Ontario,0
CUST-02376,6,55.44,1,month-to-month,bank-transfer,no,dsl,191.9,1,Ontario,0
CUST-02377,60,76.57,0,two-year,electronic-check,no,fiber,431.0,1,West,0
CUST-02378,32,64.1,0,one-year,electronic-check,yes,dsl,322.8,1,Ontario,0
CUST-02379,7,90.47,1,month-to-month,bank-transfer,yes,fiber,425.1,1,Quebec,1
CUST-02380,72,51.51,2,one-year,bank-transfer,yes,dsl,263.5,1,Ontario,1
CUST-02381,27,74.34,1,two-year,bank-transfer,yes,fiber,493.4,0,West,0
CUST-02382,9,56.07,6,month-to-month,bank-transfer,yes,dsl,265.5,1,Ontario,1
CUST-02383,72,67.75,1,month-to-month,credit-card,no,dsl,103.7,0,Quebec,0
CUST-02384,23,98.2,0,month-to-month,credit-card,yes,fiber,500.1,0,Quebec,1
CUST-02385,15,84.11,1,month-to-month,credit-card,yes,fiber,468.6,0,Ontario,0
CUST-02386,34,65.38,1,one-year,bank-transfer,no,dsl,88.9,0,Ontario,0
CUST-02387,10,82.53,2,two-year,mailed-check,no,fiber,421.9,1,Ontario,0
CUST-02388,19,86.31,0,month-to-month,bank-transfer,yes,fiber,635.0,0,West,1
CUST-02389,68,98.35,3,one-year,bank-transfer,no,fiber,406.7,0,Ontario,1
CUST-02390,24,20.3,0,month-to-month,bank-transfer,yes,none,0.0,1,Ontario,0
CUST-02391,40,63.3,1,one-year,electronic-check,yes,dsl,228.3,1,Ontario,1
CUST-02392,70,45.9,1,one-year,bank-transfer,yes,fiber,394.0,1,Quebec,0
CUST-02393,23,47.99,2,month-to-month,bank-transfer,yes,none,23.9,1,West,0
CUST-02394,14,78.79,0,month-to-month,electronic-check,yes,fiber,401.8,0,Quebec,0
CUST-02395,45,67.26,1,one-year,credit-card,no,fiber,474.2,2,West,0
CUST-02396,9,44.96,0,two-year,bank-transfer,yes,fiber,434.7,0,West,0
CUST-02397,13,72.85,1,month-to-month,bank-transfer,yes,fiber,605.9,1,West,1
CUST-02398,7,75.34,1,month-to-month,electronic-check,no,fiber,443.9,1,West,0
CUST-02399,67,56.34,1,month-to-month,mailed-check,no,dsl,171.1,0,Ontario,0
CUST-02400,30,66.48,1,month-to-month,electronic-check,no,fiber,527.5,0,Atlantic,1
CUST-02401,46,47.58,2,one-year,bank-transfer,no,dsl,71.8,1,West,0
CUST-02402,14,72.46,1,one-year,credit-card,no,fiber,583.8,0,Quebec,0
CUST-02403,39,64.58,3,one-year,bank-transfer,no,fiber,356.0,1,Ontario,0
CUST-02404,40,81.5,1,two-year,electronic-check,yes,fiber,541.4,1,Ontario,0
CUST-02405,72,56.17,1,one-year,mailed-check,yes,dsl,313.8,1,Quebec,0
CUST-02406,43,38.89,0,month-to-month,electronic-check,yes,dsl,145.3,2,Ontario,0
CUST-02407,53,74.86,1,month-to-month,credit-card,yes,fiber,403.5,1,West,1
CUST-02408,32,77.35,1,month-to-month,electronic-check,yes,fiber,430.7,0,Ontario,1
CUST-02409,1,89.99,0,month-to-month,mailed-check,yes,fiber,492.8,0,Quebec,0
CUST-02410,36,66.75,3,two-year,electronic-check,yes,dsl,105.2,1,Ontario,0
CUST-02411,25,63.56,0,one-year,electronic-check,yes,fiber,430.7,2,Ontario,0
CUST-02412,24,71.97,0,two-year,bank-transfer,yes,dsl,163.4,0,Ontario,0
CUST-02413,20,58.45,1,month-to-month,electronic-check,yes,fiber,342.1,1,West,1
CUST-02414,24,73.3,1,month-to-month,credit-card,yes,fiber,351.2,0,Quebec,0
CUST-02415,17,64.92,3,month-to-month,credit-card,yes,dsl,200.9,0,Atlantic,1
CUST-02416,49,88.32,0,month-to-month,electronic-check,yes,fiber,449.4,2,West,0
CUST-02417,12,92.83,1,month-to-month,mailed-check,yes,fiber,375.1,0,West,0
CUST-02418,72,51.38,1,month-to-month,electronic-check,yes,none,18.7,1,Quebec,0
CUST-02419,46,71.57,0,month-to-month,bank-transfer,no,fiber,385.0,1,West,0
CUST-02420,59,79.09,1,two-year,credit-card,yes,fiber,551.1,3,Atlantic,0
CUST-02421,13,75.36,0,month-to-month,credit-card,no,fiber,431.2,1,West,0
CUST-02422,19,65.55,1,month-to-month,electronic-check,no,fiber,533.3,1,Ontario,1
CUST-02423,31,55.79,1,one-year,electronic-check,no,dsl,46.1,0,West,0
CUST-02424,29,91.88,2,month-to-month,mailed-check,no,fiber,467.4,1,Ontario,1
CUST-02425,47,44.78,0,two-year,bank-transfer,yes,none,62.7,0,Ontario,0
CUST-02426,29,78.62,1,one-year,bank-transfer,yes,dsl,178.3,0,West,0
CUST-02427,72,26.63,0,month-to-month,electronic-check,yes,none,0.0,0,West,0
CUST-02428,13,52.99,2,one-year,credit-card,yes,dsl,176.9,0,Ontario,0
CUST-02429,11,42.36,1,one-year,mailed-check,yes,none,75.1,1,Ontario,0
CUST-02430,18,64.79,1,one-year,bank-transfer,no,dsl,87.1,2,West,0
CUST-02431,24,71.77,1,two-year,credit-card,yes,fiber,499.5,1,Ontario,0
CUST-02432,62,81.41,3,one-year,credit-card,yes,fiber,467.1,1,Ontario,0
CUST-02433,38,65.33,1,one-year,mailed-check,no,dsl,167.8,0,West,0
CUST-02434,2,58.43,0,month-to-month,electronic-check,yes,fiber,421.5,0,West,0
CUST-02435,2,64.91,2,one-year,electronic-check,yes,dsl,195.3,1,Quebec,0
CUST-02436,26,84.27,0,two-year,electronic-check,yes,fiber,581.0,0,Quebec,0
CUST-02437,20,60.11,0,one-year,bank-transfer,yes,dsl,219.6,1,Ontario,0
CUST-02438,27,53.68,0,one-year,electronic-check,yes,fiber,359.9,1,Ontario,0
CUST-02439,24,35.09,0,month-to-month,mailed-check,yes,none,0.0,0,West,0
CUST-02440,72,77.6,1,one-year,credit-card,yes,fiber,342.7,0,West,0
CUST-02441,56,63.91,2,two-year,electronic-check,yes,fiber,279.4,0,Ontario,0
CUST-02442,19,66.64,1,month-to-month,credit-card,yes,dsl,91.2,2,Ontario,0
CUST-02443,29,64.66,0,month-to-month,bank-transfer,yes,dsl,200.2,1,Ontario,0
CUST-02444,23,58.41,2,month-to-month,bank-transfer,yes,dsl,298.3,0,Ontario,1
CUST-02445,3,38.18,1,month-to-month,electronic-check,yes,none,96.6,0,Ontario,1
CUST-02446,19,75.03,0,one-year,credit-card,no,fiber,341.8,1,Ontario,0
CUST-02447,20,56.96,1,month-to-month,bank-transfer,yes,dsl,122.2,1,West,0
CUST-02448,16,59.5,0,month-to-month,electronic-check,yes,fiber,360.2,2,Ontario,0
CUST-02449,19,52.48,0,one-year,credit-card,yes,dsl,0.0,0,West,0
CUST-02450,23,73.76,1,one-year,electronic-check,yes,fiber,425.8,1,Quebec,0
CUST-02451,40,87.9,1,one-year,mailed-check,no,fiber,508.3,0,West,0
CUST-02452,17,64.27,1,one-year,credit-card,no,dsl,168.5,1,Atlantic,0
CUST-02453,68,72.46,2,one-year,credit-card,yes,dsl,82.2,1,Ontario,0
CUST-02454,13,58.25,1,one-year,mailed-check,yes,fiber,368.2,0,Ontario,0
CUST-02455,61,34.26,3,one-year,credit-card,yes,none,0.0,1,West,0
CUST-02456,36,78.78,1,month-to-month,credit-card,no,dsl,255.5,0,Ontario,0
CUST-02457,10,65.2,0,one-year,mailed-check,yes,fiber,424.5,0,Ontario,0
CUST-02458,23,48.99,0,month-to-month,mailed-check,yes,dsl,244.0,0,Ontario,0
CUST-02459,72,70.15,1,month-to-month,electronic-check,no,fiber,433.1,0,West,0
CUST-02460,13,94.19,1,month-to-month,bank-transfer,yes,fiber,460.1,1,Ontario,0
CUST-02461,72,49.95,2,two-year,mailed-check,no,dsl,110.1,1,Quebec,0
CUST-02462,41,78.85,2,one-year,electronic-check,yes,fiber,381.7,0,Quebec,0
CUST-02463,36,77.12,2,month-to-month,electronic-check,no,fiber,333.3,1,West,1
CUST-02464,39,36.75,2,one-year,electronic-check,no,dsl,241.1,0,Ontario,0
CUST-02465,22,72.84,2,month-to-month,electronic-check,yes,fiber,415.2,0,West,0
CUST-02466,13,51.19,1,one-year,bank-transfer,yes,dsl,0.0,0,West,0
CUST-02467,30,64.12,0,two-year,bank-transfer,yes,dsl,230.9,0,Quebec,0
CUST-02468,37,91.26,3,one-year,bank-transfer,yes,fiber,522.8,1,Ontario,0
CUST-02469,42,53.38,4,one-year,bank-transfer,yes,dsl,121.0,0,West,0
CUST-02470,41,69.38,2,month-to-month,bank-transfer,no,fiber,480.8,0,West,0
CUST-02471,49,83.44,0,month-to-month,bank-transfer,no,dsl,172.2,1,Ontario,0
CUST-02472,72,65.53,1,two-year,electronic-check,no,fiber,260.0,1,Ontario,0
CUST-02473,35,23.9,1,one-year,bank-transfer,yes,none,178.0,0,Ontario,0
CUST-02474,66,87.46,2,month-to-month,credit-card,yes,fiber,422.7,0,Ontario,0
CUST-02475,43,56.47,0,month-to-month,credit-card,yes,dsl,207.1,1,Ontario,0
CUST-02476,72,75.97,1,month-to-month,credit-card,yes,fiber,386.9,1,Ontario,0
CUST-02477,31,96.43,1,month-to-month,electronic-check,yes,fiber,414.9,1,Ontario,1
CUST-02478,29,58.27,0,month-to-month,bank-transfer,yes,fiber,453.7,0,West,0
CUST-02479,63,54.95,1,month-to-month,credit-card,yes,dsl,101.4,1,West,0
CUST-02480,63,25.02,0,two-year,electronic-check,yes,none,156.0,0,West,0
CUST-02481,24,76.52,1,month-to-month,credit-card,yes,fiber,511.2,2,Quebec,0
CUST-02482,42,67.19,0,month-to-month,credit-card,yes,fiber,483.9,0,Quebec,0
CUST-02483,49,60.68,4,month-to-month,electronic-check,no,fiber,427.9,1,Ontario,0
CUST-02484,47,80.69,2,month-to-month,bank-transfer,no,fiber,375.3,1,West,1
CUST-02485,39,57.11,0,two-year,electronic-check,yes,dsl,277.6,2,Ontario,0
CUST-02486,5,24.86,1,month-to-month,electronic-check,yes,none,63.9,0,Quebec,0
CUST-02487,48,44.5,0,one-year,mailed-check,yes,dsl,156.0,0,Atlantic,0
CUST-02488,49,75.18,1,one-year,credit-card,yes,fiber,347.8,0,West,0
CUST-02489,40,55.46,0,month-to-month,electronic-check,yes,fiber,306.0,1,Ontario,1
CUST-02490,22,59.39,1,one-year,electronic-check,yes,dsl,192.4,0,West,0
CUST-02491,72,87.07,1,two-year,credit-card,no,fiber,418.8,2,Ontario,0
CUST-02492,13,64.0,1,month-to-month,mailed-check,yes,dsl,290.8,0,Ontario,0
CUST-02493,64,66.46,1,month-to-month,bank-transfer,yes,fiber,524.3,0,Ontario,0
CUST-02494,13,75.88,2,two-year,mailed-check,yes,fiber,443.3,0,Ontario,0
CUST-02495,59,43.86,1,two-year,electronic-check,no,dsl,183.1,0,West,0
CUST-02496,14,74.43,3,month-to-month,bank-transfer,yes,fiber,342.1,0,Ontario,1
CUST-02497,57,34.57,1,month-to-month,credit-card,no,none,102.2,1,Ontario,0
CUST-02498,72,62.09,1,month-to-month,mailed-check,no,fiber,435.2,0,Atlantic,1
CUST-02499,72,79.55,1,two-year,bank-transfer,no,fiber,491.4,1,Quebec,0
CUST-02500,72,52.24,3,month-to-month,credit-card,yes,fiber,540.0,0,Ontario,1
CUST-02501,31,60.55,4,month-to-month,credit-card,yes,fiber,391.9,0,Quebec,0
CUST-02502,19,61.81,3,one-year,electronic-check,no,fiber,369.6,0,Quebec,1
CUST-02503,27,67.7,0,two-year,credit-card,no,fiber,649.8,0,Quebec,0
CUST-02504,61,70.64,0,two-year,bank-transfer,no,dsl,240.5,0,Quebec,0
CUST-02505,47,64.92,1,month-to-month,electronic-check,no,dsl,166.3,0,West,1
CUST-02506,72,74.11,1,month-to-month,credit-card,yes,fiber,545.4,2,Ontario,0
CUST-02507,20,73.61,0,two-year,bank-transfer,yes,fiber,413.8,1,Quebec,0
CUST-02508,72,72.88,1,two-year,credit-card,yes,fiber,467.7,0,Ontario,0
CUST-02509,29,71.4,1,month-to-month,mailed-check,yes,dsl,141.7,0,West,0
CUST-02510,13,37.94,1,one-year,electronic-check,yes,dsl,188.6,0,Ontario,0
CUST-02511,38,81.1,0,month-to-month,credit-card,yes,fiber,416.7,0,Ontario,1
CUST-02512,46,51.66,1,month-to-month,bank-transfer,yes,dsl,126.1,1,Atlantic,1
CUST-02513,72,78.28,3,month-to-month,bank-transfer,yes,fiber,460.6,0,Quebec,0
CUST-02514,20,78.33,2,month-to-month,mailed-check,yes,fiber,385.7,0,Ontario,1
CUST-02515,38,80.7,1,month-to-month,bank-transfer,yes,fiber,489.0,1,Ontario,1
CUST-02516,31,54.63,0,two-year,bank-transfer,yes,none,0.0,1,Ontario,0
CUST-02517,24,58.6,1,month-to-month,mailed-check,yes,fiber,293.8,1,Atlantic,0
CUST-02518,72,83.56,0,month-to-month,credit-card,no,fiber,492.8,0,Quebec,0
CUST-02519,47,72.33,0,month-to-month,bank-transfer,yes,fiber,494.2,0,Ontario,0
CUST-02520,3,52.16,2,month-to-month,credit-card,yes,dsl,381.6,0,Quebec,0
CUST-02521,39,94.35,1,month-to-month,electronic-check,yes,fiber,441.5,0,Ontario,1
CUST-02522,7,80.37,1,one-year,bank-transfer,yes,fiber,455.6,0,Ontario,0
CUST-02523,36,68.62,1,month-to-month,mailed-check,yes,fiber,480.7,1,West,1
CUST-02524,8,67.05,3,one-year,bank-transfer,no,dsl,276.7,0,Ontario,0
CUST-02525,47,72.52,0,two-year,credit-card,yes,fiber,521.4,2,West,0
CUST-02526,7,33.45,2,month-to-month,electronic-check,no,none,39.1,0,West,0
CUST-02527,14,66.64,1,two-year,electronic-check,yes,fiber,437.2,0,Ontario,0
CUST-02528,54,76.2,0,two-year,electronic-check,yes,fiber,511.6,3,West,0
CUST-02529,31,31.55,0,two-year,electronic-check,no,none,5.7,2,West,0
CUST-02530,9,58.63,3,one-year,credit-card,no,dsl,80.4,0,Quebec,1
CUST-02531,72,82.31,1,one-year,electronic-check,yes,fiber,312.4,2,Quebec,0
CUST-02532,22,58.16,0,one-year,credit-card,yes,dsl,165.1,0,Ontario,0
CUST-02533,26,77.75,0,one-year,credit-card,yes,dsl,200.2,1,Ontario,0
CUST-02534,27,73.14,1,month-to-month,mailed-check,no,fiber,650.1,1,West,1
CUST-02535,50,71.16,1,two-year,electronic-check,yes,dsl,179.8,0,Ontario,0
CUST-02536,24,67.25,1,one-year,credit-card,yes,dsl,194.0,2,Ontario,0
CUST-02537,28,89.02,2,one-year,credit-card,yes,fiber,405.6,0,Quebec,1
CUST-02538,67,77.71,1,month-to-month,mailed-check,no,dsl,242.6,0,Ontario,1
CUST-02539,62,54.51,2,month-to-month,credit-card,yes,fiber,463.8,0,West,0
CUST-02540,27,75.78,2,month-to-month,credit-card,no,fiber,385.7,1,West,1
CUST-02541,28,36.83,2,month-to-month,credit-card,yes,none,0.0,2,West,1
CUST-02542,1,58.17,1,month-to-month,credit-card,yes,dsl,155.8,0,Ontario,0
CUST-02543,35,52.83,1,month-to-month,credit-card,yes,dsl,118.3,1,Quebec,0
CUST-02544,56,51.29,0,month-to-month,mailed-check,yes,dsl,170.4,1,West,0
CUST-02545,23,45.45,1,month-to-month,bank-transfer,yes,dsl,202.0,0,Ontario,1
CUST-02546,72,74.02,0,month-to-month,bank-transfer,yes,fiber,397.4,0,West,0
CUST-02547,6,47.81,3,two-year,electronic-check,yes,none,135.6,0,Quebec,0
CUST-02548,15,51.82,2,month-to-month,bank-transfer,no,dsl,288.5,1,Ontario,1
CUST-02549,71,53.55,0,month-to-month,electronic-check,yes,dsl,170.5,0,Ontario,0
CUST-02550,54,65.67,0,month-to-month,electronic-check,yes,fiber,358.0,1,West,0
CUST-02551,5,62.56,1,month-to-month,electronic-check,yes,fiber,437.5,2,Ontario,1
CUST-02552,7,70.52,1,month-to-month,electronic-check,yes,fiber,428.6,1,West,1
CUST-02553,47,76.6,1,one-year,electronic-check,yes,fiber,434.7,0,Quebec,1
CUST-02554,41,86.2,2,two-year,electronic-check,yes,fiber,406.2,0,Ontario,1
CUST-02555,25,44.48,1,month-to-month,electronic-check,no,dsl,100.8,1,West,1
CUST-02556,72,56.68,0,one-year,credit-card,no,dsl,193.0,1,Quebec,0
CUST-02557,18,85.37,0,month-to-month,electronic-check,yes,fiber,410.2,0,Ontario,0
CUST-02558,3,60.62,1,month-to-month,electronic-check,yes,fiber,417.7,1,Atlantic,1
CUST-02559,50,70.3,2,month-to-month,credit-card,no,dsl,198.0,0,West,1
CUST-02560,57,68.39,2,month-to-month,electronic-check,yes,fiber,434.1,2,Quebec,1
CUST-02561,19,45.47,0,one-year,credit-card,yes,none,18.1,1,West,0
CUST-02562,11,70.71,0,one-year,credit-card,yes,fiber,406.2,1,Quebec,0
CUST-02563,3,77.82,3,one-year,electronic-check,yes,fiber,470.6,1,Quebec,0
CUST-02564,31,89.89,2,month-to-month,credit-card,yes,fiber,379.0,0,Ontario,0
CUST-02565,39,36.73,0,one-year,bank-transfer,no,none,0.0,1,Ontario,0
CUST-02566,60,83.46,1,month-to-month,bank-transfer,yes,fiber,364.4,1,Quebec,0
CUST-02567,41,59.88,1,month-to-month,mailed-check,yes,dsl,132.5,0,Quebec,0
CUST-02568,20,64.75,2,month-to-month,bank-transfer,yes,fiber,330.5,0,West,0
CUST-02569,35,71.47,2,one-year,electronic-check,yes,fiber,296.1,1,Quebec,0
CUST-02570,62,54.81,0,two-year,electronic-check,no,dsl,232.8,0,Quebec,0
CUST-02571,39,58.18,2,month-to-month,electronic-check,no,fiber,548.3,0,West,0
CUST-02572,56,77.82,1,month-to-month,mailed-check,no,fiber,487.4,0,Atlantic,1
CUST-02573,12,79.91,0,one-year,electronic-check,yes,fiber,398.9,2,Ontario,0
CUST-02574,48,65.53,2,two-year,bank-transfer,no,dsl,44.1,1,West,0
CUST-02575,41,88.01,2,month-to-month,mailed-check,yes,fiber,456.3,2,West,1
CUST-02576,24,83.02,0,one-year,bank-transfer,yes,fiber,303.4,1,Ontario,0
CUST-02577,63,31.67,1,one-year,credit-card,yes,none,4.6,0,Ontario,0
CUST-02578,72,52.9,0,two-year,credit-card,yes,dsl,122.0,0,Ontario,0
CUST-02579,5,65.81,0,month-to-month,electronic-check,yes,dsl,0.0,0,West,0
CUST-02580,25,61.09,0,two-year,credit-card,no,dsl,315.8,0,Quebec,0
CUST-02581,29,56.81,1,month-to-month,bank-transfer,no,dsl,83.3,0,Quebec,0
CUST-02582,31,63.82,1,two-year,bank-transfer,yes,fiber,409.8,0,West,0
CUST-02583,18,67.43,0,month-to-month,bank-transfer,yes,fiber,429.0,0,Ontario,0
CUST-02584,7,63.12,0,month-to-month,credit-card,yes,dsl,150.0,0,Ontario,0
CUST-02585,26,36.52,3,month-to-month,electronic-check,yes,dsl,229.5,0,West,1
CUST-02586,29,20.0,1,month-to-month,bank-transfer,yes,none,0.0,1,Atlantic,0
CUST-02587,24,64.28,0,month-to-month,credit-card,yes,dsl,222.5,0,West,1
CUST-02588,30,67.4,1,month-to-month,bank-transfer,yes,fiber,467.1,0,Ontario,0
CUST-02589,36,77.92,1,month-to-month,bank-transfer,yes,fiber,322.9,0,Ontario,0
CUST-02590,26,73.56,1,month-to-month,electronic-check,no,dsl,210.0,0,Ontario,0
CUST-02591,18,62.36,1,one-year,bank-transfer,no,fiber,350.4,0,Quebec,0
CUST-02592,30,39.47,0,two-year,credit-card,yes,dsl,90.9,0,Ontario,0
CUST-02593,38,54.1,0,one-year,electronic-check,yes,dsl,214.7,0,West,0
CUST-02594,32,65.81,1,month-to-month,bank-transfer,yes,fiber,405.3,1,West,0
CUST-02595,72,56.73,1,month-to-month,credit-card,yes,dsl,221.7,0,Ontario,0
CUST-02596,40,62.65,1,two-year,electronic-check,no,dsl,222.4,0,Ontario,0
CUST-02597,31,41.43,1,month-to-month,electronic-check,yes,none,0.0,2,Ontario,0
CUST-02598,16,73.49,0,month-to-month,electronic-check,yes,fiber,503.0,1,Quebec,1
CUST-02599,16,68.11,1,two-year,bank-transfer,yes,dsl,214.2,0,West,0
CUST-02600,24,80.04,1,two-year,bank-transfer,no,fiber,390.1,1,Ontario,0
CUST-02601,25,55.1,1,month-to-month,bank-transfer,no,dsl,178.5,1,West,0
CUST-02602,24,79.67,0,one-year,credit-card,yes,fiber,505.4,0,Ontario,0
CUST-02603,41,40.77,1,month-to-month,credit-card,no,dsl,162.8,0,Ontario,0
CUST-02604,62,49.17,2,one-year,mailed-check,yes,none,191.8,0,Atlantic,0
CUST-02605,50,57.23,1,month-to-month,electronic-check,yes,dsl,316.7,1,Ontario,0
CUST-02606,46,44.39,0,month-to-month,bank-transfer,no,dsl,199.9,0,Ontario,0
CUST-02607,14,68.63,3,one-year,credit-card,yes,fiber,420.6,0,Quebec,0
CUST-02608,68,67.89,1,month-to-month,electronic-check,yes,dsl,174.3,2,Ontario,1
CUST-02609,16,64.94,0,one-year,credit-card,yes,fiber,388.9,0,Ontario,1
CUST-02610,37,61.31,1,month-to-month,credit-card,yes,dsl,200.6,0,Ontario,0
CUST-02611,44,82.23,0,two-year,credit-card,yes,fiber,498.4,0,Ontario,0
CUST-02612,69,57.26,1,two-year,electronic-check,yes,dsl,75.3,0,Quebec,0
CUST-02613,72,63.92,2,month-to-month,electronic-check,yes,fiber,494.6,0,Ontario,0
CUST-02614,23,56.33,0,one-year,credit-card,yes,dsl,269.4,1,West,0
CUST-02615,35,42.2,2,month-to-month,credit-card,yes,dsl,238.6,0,West,1
CUST-02616,65,67.87,1,month-to-month,electronic-check,no,fiber,429.0,1,Ontario,0
CUST-02617,72,61.37,1,month-to-month,bank-transfer,no,fiber,485.1,0,Ontario,0
CUST-02618,25,56.51,0,two-year,electronic-check,yes,dsl,300.4,2,Ontario,0
CUST-02619,15,43.67,1,two-year,credit-card,yes,dsl,185.1,1,Ontario,0
CUST-02620,9,73.88,0,two-year,electronic-check,yes,fiber,442.0,2,Ontario,0
CUST-02621,6,84.9,1,two-year,mailed-check,yes,fiber,621.3,2,West,0
CUST-02622,17,85.55,1,two-year,electronic-check,yes,fiber,466.1,0,Ontario,0
CUST-02623,57,43.92,1,month-to-month,credit-card,yes,dsl,104.4,0,Quebec,0
CUST-02624,59,50.01,3,two-year,electronic-check,no,dsl,264.2,2,West,0
CUST-02625,40,81.95,2,one-year,bank-transfer,no,fiber,474.2,0,West,1
CUST-02626,24,64.39,3,month-to-month,credit-card,yes,dsl,134.3,0,Ontario,1
CUST-02627,41,50.54,0,one-year,credit-card,yes,dsl,96.2,0,Ontario,0
CUST-02628,32,51.89,1,month-to-month,mailed-check,no,dsl,210.3,1,Atlantic,1
CUST-02629,25,73.86,2,month-to-month,bank-transfer,no,fiber,434.9,0,Ontario,0
CUST-02630,39,53.75,2,month-to-month,electronic-check,yes,fiber,334.2,1,West,1
CUST-02631,23,78.52,3,month-to-month,bank-transfer,yes,fiber,432.5,1,West,1
CUST-02632,39,84.37,0,month-to-month,bank-transfer,yes,fiber,427.1,0,Quebec,0
CUST-02633,43,68.91,0,two-year,credit-card,yes,fiber,434.7,1,Ontario,0
CUST-02634,51,58.1,2,one-year,electronic-check,no,fiber,481.8,0,Ontario,0
CUST-02635,7,87.83,1,month-to-month,credit-card,yes,fiber,290.2,0,Quebec,0
CUST-02636,69,59.3,1,month-to-month,bank-transfer,yes,dsl,95.5,1,Quebec,0
CUST-02637,29,80.44,1,month-to-month,credit-card,yes,fiber,398.6,1,West,1
CUST-02638,72,43.13,1,month-to-month,bank-transfer,yes,dsl,302.7,1,West,0
CUST-02639,57,59.17,1,two-year,bank-transfer,no,fiber,641.3,2,Atlantic,0
CUST-02640,15,61.35,2,month-to-month,credit-card,yes,dsl,190.4,0,Atlantic,1
CUST-02641,46,83.79,0,one-year,credit-card,no,fiber,443.9,0,West,0
CUST-02642,65,45.14,0,one-year,mailed-check,no,dsl,0.0,4,Ontario,0
CUST-02643,26,55.93,0,one-year,credit-card,yes,dsl,266.9,0,Ontario,1
CUST-02644,14,56.33,0,two-year,credit-card,yes,fiber,478.2,1,Quebec,0
CUST-02645,12,49.63,2,month-to-month,bank-transfer,yes,dsl,214.1,2,Quebec,0
CUST-02646,9,70.3,2,two-year,bank-transfer,yes,fiber,334.1,0,Ontario,0
CUST-02647,4,62.13,4,one-year,electronic-check,yes,dsl,358.3,2,Quebec,1
CUST-02648,29,50.89,0,one-year,credit-card,yes,fiber,569.2,0,Ontario,0
CUST-02649,13,86.86,1,one-year,bank-transfer,yes,fiber,465.0,2,Ontario,0
CUST-02650,19,71.21,1,two-year,electronic-check,no,fiber,524.3,1,West,1
CUST-02651,72,70.59,1,two-year,bank-transfer,yes,dsl,194.3,0,Quebec,0
CUST-02652,43,80.34,2,month-to-month,mailed-check,no,fiber,509.8,1,Quebec,1
CUST-02653,15,65.95,1,two-year,mailed-check,no,dsl,78.9,0,Quebec,0
CUST-02654,72,94.21,3,one-year,credit-card,no,fiber,246.7,0,Quebec,0
CUST-02655,38,64.79,2,month-to-month,bank-transfer,yes,fiber,332.1,0,Ontario,0
CUST-02656,72,74.42,1,two-year,credit-card,yes,fiber,371.4,0,Quebec,0
CUST-02657,72,27.6,2,month-to-month,credit-card,no,none,0.0,1,Ontario,0
CUST-02658,39,55.93,1,one-year,bank-transfer,no,dsl,228.1,1,West,0
CUST-02659,29,80.56,2,month-to-month,bank-transfer,no,fiber,418.1,1,Ontario,1
CUST-02660,56,68.84,0,month-to-month,bank-transfer,yes,dsl,187.6,0,Atlantic,0
CUST-02661,37,68.99,1,two-year,credit-card,no,fiber,339.3,0,West,0
CUST-02662,22,60.35,0,month-to-month,credit-card,yes,fiber,332.0,2,Ontario,0
CUST-02663,21,57.77,1,month-to-month,mailed-check,yes,dsl,193.5,0,Ontario,0
CUST-02664,62,64.05,1,month-to-month,mailed-check,yes,fiber,393.9,0,Ontario,0
CUST-02665,15,66.93,0,month-to-month,credit-card,yes,fiber,440.4,1,West,1
CUST-02666,62,64.05,2,one-year,electronic-check,yes,dsl,236.3,2,West,0
CUST-02667,33,78.1,0,two-year,bank-transfer,no,fiber,579.4,0,West,0
CUST-02668,7,65.76,1,month-to-month,electronic-check,yes,dsl,188.3,0,West,0
CUST-02669,65,53.46,1,one-year,bank-transfer,no,dsl,344.1,0,Quebec,0
CUST-02670,15,67.59,0,month-to-month,mailed-check,yes,dsl,224.5,2,West,0
CUST-02671,17,57.15,2,one-year,credit-card,yes,dsl,248.6,1,Quebec,0
CUST-02672,27,54.02,2,month-to-month,bank-transfer,yes,dsl,279.5,0,Quebec,0
CUST-02673,31,61.46,2,month-to-month,mailed-check,yes,fiber,501.2,0,Quebec,0
CUST-02674,40,35.06,2,month-to-month,credit-card,yes,dsl,121.9,1,West,0
CUST-02675,63,40.58,2,one-year,credit-card,yes,dsl,282.1,0,Ontario,0
CUST-02676,61,59.26,1,month-to-month,electronic-check,yes,dsl,158.2,0,Ontario,0
CUST-02677,20,63.47,0,month-to-month,electronic-check,yes,fiber,465.6,0,Ontario,1
CUST-02678,21,39.72,1,two-year,electronic-check,yes,dsl,201.3,0,Atlantic,0
CUST-02679,58,52.6,1,one-year,electronic-check,yes,dsl,287.2,0,Quebec,0
CUST-02680,13,75.94,2,month-to-month,electronic-check,yes,fiber,473.4,2,Ontario,0
CUST-02681,33,61.36,1,one-year,credit-card,yes,dsl,72.2,3,Ontario,0
CUST-02682,72,72.7,3,two-year,electronic-check,yes,fiber,617.8,1,Quebec,1
CUST-02683,23,72.36,3,month-to-month,electronic-check,no,fiber,511.0,0,West,1
CUST-02684,9,51.35,1,one-year,electronic-check,yes,dsl,143.2,1,Atlantic,0
CUST-02685,15,79.66,0,month-to-month,credit-card,yes,fiber,343.3,1,West,1
CUST-02686,16,71.14,2,one-year,credit-card,no,fiber,520.7,0,West,1
CUST-02687,14,72.2,0,month-to-month,electronic-check,yes,fiber,353.4,0,Ontario,0
CUST-02688,26,83.9,0,one-year,credit-card,no,fiber,508.1,1,Ontario,0
CUST-02689,72,65.31,0,month-to-month,credit-card,no,dsl,280.9,2,Quebec,0
CUST-02690,45,55.06,0,month-to-month,electronic-check,no,dsl,134.8,1,West,0
CUST-02691,28,53.57,0,two-year,bank-transfer,no,dsl,127.2,1,Ontario,0
CUST-02692,30,69.48,1,month-to-month,bank-transfer,yes,fiber,400.0,0,West,0
CUST-02693,18,35.78,2,two-year,credit-card,yes,dsl,105.9,0,Ontario,0
CUST-02694,30,68.52,1,two-year,credit-card,yes,dsl,209.5,1,Ontario,0
CUST-02695,72,49.81,3,two-year,electronic-check,yes,dsl,221.6,0,Ontario,0
CUST-02696,34,81.97,0,month-to-month,bank-transfer,yes,fiber,501.8,0,West,1
CUST-02697,61,73.44,0,two-year,credit-card,yes,fiber,369.2,1,West,0
CUST-02698,56,71.61,1,month-to-month,bank-transfer,no,dsl,261.4,1,Quebec,0
CUST-02699,72,62.56,1,month-to-month,credit-card,yes,dsl,106.0,1,West,0
CUST-02700,55,82.58,1,two-year,credit-card,yes,fiber,511.3,2,West,0
CUST-02701,72,50.78,1,one-year,credit-card,yes,dsl,63.6,0,Ontario,0
CUST-02702,64,59.5,1,month-to-month,bank-transfer,yes,fiber,573.3,0,West,0
CUST-02703,40,74.55,1,month-to-month,credit-card,yes,fiber,395.7,0,Ontario,0
CUST-02704,17,36.87,2,two-year,bank-transfer,yes,dsl,240.9,1,Quebec,0
CUST-02705,61,52.09,0,one-year,bank-transfer,no,dsl,247.7,1,Ontario,0
CUST-02706,64,60.51,0,month-to-month,bank-transfer,yes,fiber,332.1,2,Quebec,0
CUST-02707,66,48.18,2,two-year,credit-card,yes,dsl,261.0,0,Quebec,0
CUST-02708,1,63.25,1,month-to-month,credit-card,yes,dsl,143.2,2,Ontario,0
CUST-02709,22,78.56,1,month-to-month,credit-card,yes,fiber,414.0,2,Quebec,1
CUST-02710,45,55.3,1,one-year,bank-transfer,yes,dsl,133.0,0,West,0
CUST-02711,24,60.36,1,two-year,electronic-check,yes,dsl,327.2,0,Quebec,0
CUST-02712,21,51.32,1,month-to-month,credit-card,no,dsl,90.6,0,Ontario,0
CUST-02713,18,63.48,0,month-to-month,electronic-check,yes,none,48.6,2,Ontario,1
CUST-02714,7,60.16,2,month-to-month,electronic-check,no,dsl,137.0,1,Ontario,0
CUST-02715,43,66.8,1,two-year,credit-card,no,fiber,532.7,0,West,0
CUST-02716,20,82.19,0,month-to-month,credit-card,yes,fiber,637.3,1,West,0
CUST-02717,23,70.02,0,month-to-month,credit-card,yes,dsl,136.4,0,Ontario,1
CUST-02718,28,29.87,2,two-year,credit-card,no,none,23.9,0,West,0
CUST-02719,48,58.11,1,month-to-month,bank-transfer,yes,fiber,407.3,1,Quebec,0
CUST-02720,39,60.19,0,month-to-month,credit-card,yes,fiber,528.2,0,Atlantic,0
CUST-02721,38,49.97,2,month-to-month,electronic-check,yes,dsl,168.9,3,Ontario,1
CUST-02722,3,72.43,0,one-year,bank-transfer,yes,fiber,517.0,1,Quebec,0
CUST-02723,62,55.89,0,month-to-month,electronic-check,no,fiber,406.2,0,Quebec,0
CUST-02724,72,52.61,2,month-to-month,electronic-check,yes,dsl,380.7,0,Ontario,0
CUST-02725,37,54.82,0,month-to-month,bank-transfer,yes,dsl,3.7,0,Ontario,0
CUST-02726,13,60.41,1,one-year,mailed-check,yes,dsl,222.0,0,Ontario,0
CUST-02727,21,63.42,2,one-year,mailed-check,yes,dsl,189.1,2,Quebec,0
CUST-02728,13,77.22,1,month-to-month,bank-transfer,no,fiber,436.0,0,West,0
CUST-02729,72,75.82,2,month-to-month,credit-card,yes,dsl,214.3,0,West,0
CUST-02730,23,84.49,0,two-year,bank-transfer,no,fiber,445.0,0,Ontario,0
CUST-02731,38,75.33,1,month-to-month,credit-card,yes,fiber,458.6,0,West,0
CUST-02732,27,46.81,1,month-to-month,bank-transfer,no,dsl,224.7,3,Ontario,0
CUST-02733,47,49.91,0,month-to-month,bank-transfer,no,dsl,338.7,2,Atlantic,0
CUST-02734,16,42.0,0,month-to-month,bank-transfer,yes,dsl,0.0,0,Ontario,0
CUST-02735,37,74.61,0,month-to-month,electronic-check,no,fiber,597.0,0,West,1
CUST-02736,23,41.48,2,month-to-month,credit-card,yes,none,229.6,0,West,0
CUST-02737,68,66.38,0,month-to-month,bank-transfer,yes,dsl,41.2,3,West,0
CUST-02738,3,59.81,3,month-to-month,bank-transfer,yes,dsl,194.1,0,West,0
CUST-02739,25,49.07,1,one-year,electronic-check,yes,none,128.6,0,Ontario,0
CUST-02740,63,84.28,1,one-year,electronic-check,no,fiber,518.1,0,West,0
CUST-02741,58,46.2,1,month-to-month,credit-card,no,dsl,332.5,1,Quebec,0
CUST-02742,8,51.56,1,two-year,electronic-check,yes,dsl,221.6,0,Quebec,0
CUST-02743,54,56.88,1,month-to-month,credit-card,no,dsl,17.2,0,Atlantic,0
CUST-02744,15,49.59,0,one-year,electronic-check,yes,dsl,300.9,1,Ontario,0
CUST-02745,19,54.45,1,month-to-month,bank-transfer,yes,dsl,244.0,0,Ontario,0
CUST-02746,61,76.16,1,one-year,bank-transfer,no,fiber,564.6,1,West,0
CUST-02747,25,71.71,0,month-to-month,electronic-check,yes,fiber,309.6,1,Ontario,0
CUST-02748,7,38.0,1,month-to-month,electronic-check,no,none,0.0,0,Ontario,1
CUST-02749,12,28.1,1,month-to-month,electronic-check,yes,none,13.4,0,Ontario,1
CUST-02750,33,43.32,1,month-to-month,bank-transfer,yes,none,125.3,0,West,0
CUST-02751,24,77.55,0,month-to-month,electronic-check,yes,fiber,577.0,0,West,0
CUST-02752,24,64.99,0,one-year,bank-transfer,yes,fiber,378.3,1,Ontario,0
CUST-02753,46,43.42,2,two-year,electronic-check,yes,dsl,155.5,0,Quebec,0
CUST-02754,40,69.92,0,month-to-month,electronic-check,yes,dsl,434.1,1,Quebec,0
CUST-02755,25,91.36,0,two-year,credit-card,yes,fiber,393.0,2,West,0
CUST-02756,59,59.46,0,one-year,credit-card,no,dsl,247.4,0,West,0
CUST-02757,46,69.2,0,two-year,credit-card,yes,fiber,401.6,1,Atlantic,0
CUST-02758,39,83.99,1,one-year,credit-card,yes,fiber,480.4,0,Ontario,0
CUST-02759,21,77.94,1,one-year,bank-transfer,yes,fiber,366.4,2,Ontario,0
CUST-02760,65,70.79,2,month-to-month,credit-card,yes,fiber,368.8,1,Quebec,1
CUST-02761,23,83.16,1,one-year,bank-transfer,yes,fiber,408.5,1,Quebec,0
CUST-02762,25,29.5,4,two-year,credit-card,yes,none,0.0,1,Quebec,0
CUST-02763,72,49.75,1,month-to-month,credit-card,yes,dsl,164.2,0,Ontario,0
CUST-02764,15,41.82,0,month-to-month,electronic-check,no,none,56.7,1,Ontario,0
CUST-02765,15,74.2,1,month-to-month,bank-transfer,yes,fiber,600.7,0,Atlantic,0
CUST-02766,26,79.69,1,two-year,bank-transfer,yes,fiber,389.8,0,Ontario,0
CUST-02767,13,85.53,0,month-to-month,electronic-check,no,fiber,356.0,2,Quebec,0
CUST-02768,13,40.7,2,one-year,mailed-check,yes,dsl,190.8,2,West,0
CUST-02769,72,73.41,0,two-year,bank-transfer,yes,fiber,367.6,1,Ontario,0
CUST-02770,26,76.96,1,two-year,credit-card,yes,dsl,51.0,1,Ontario,0
CUST-02771,40,50.74,2,month-to-month,credit-card,yes,dsl,280.5,1,Ontario,0
CUST-02772,9,49.5,0,one-year,mailed-check,no,dsl,196.8,0,Quebec,0
CUST-02773,14,49.47,0,two-year,electronic-check,yes,fiber,455.2,2,Ontario,0
CUST-02774,72,58.07,1,month-to-month,electronic-check,no,dsl,26.2,1,West,0
CUST-02775,13,79.1,0,one-year,electronic-check,yes,fiber,390.3,0,Ontario,0
CUST-02776,41,79.07,2,month-to-month,credit-card,no,fiber,319.7,0,Ontario,0
CUST-02777,1,46.11,1,one-year,bank-transfer,yes,dsl,188.3,0,Ontario,0
CUST-02778,8,56.91,1,month-to-month,electronic-check,no,dsl,201.4,0,Ontario,1
CUST-02779,25,59.33,0,month-to-month,electronic-check,yes,dsl,201.4,1,Ontario,0
CUST-02780,58,73.55,0,month-to-month,credit-card,yes,fiber,383.3,0,Atlantic,0
CUST-02781,32,26.5,0,month-to-month,bank-transfer,yes,none,0.0,0,Ontario,0
CUST-02782,27,38.81,0,month-to-month,credit-card,no,none,0.0,1,Quebec,0
CUST-02783,49,64.45,4,one-year,mailed-check,yes,fiber,470.3,0,Quebec,1
CUST-02784,37,37.34,0,month-to-month,credit-card,yes,dsl,140.8,1,West,0
CUST-02785,6,80.15,1,month-to-month,electronic-check,no,fiber,360.3,1,Quebec,0
CUST-02786,30,58.47,0,one-year,credit-card,no,dsl,113.9,1,Ontario,0
CUST-02787,21,63.21,3,one-year,electronic-check,yes,dsl,134.0,0,Quebec,0
CUST-02788,26,51.39,1,month-to-month,electronic-check,yes,dsl,151.5,0,Ontario,0
CUST-02789,21,63.58,1,two-year,bank-transfer,yes,dsl,96.7,2,West,0
CUST-02790,30,83.73,1,month-to-month,electronic-check,no,fiber,402.1,1,Ontario,1
CUST-02791,42,75.42,2,two-year,mailed-check,yes,dsl,295.1,2,West,0
CUST-02792,10,65.55,0,month-to-month,electronic-check,no,dsl,165.0,0,Quebec,0
CUST-02793,18,77.04,2,one-year,bank-transfer,yes,fiber,334.7,2,West,0
CUST-02794,48,58.51,0,two-year,electronic-check,no,fiber,248.0,0,Ontario,0
CUST-02795,52,55.88,0,two-year,bank-transfer,yes,dsl,346.1,1,West,0
CUST-02796,72,42.06,3,one-year,bank-transfer,yes,dsl,286.8,5,West,1
CUST-02797,32,48.4,0,one-year,bank-transfer,no,dsl,214.2,1,Quebec,0
CUST-02798,17,77.53,2,month-to-month,electronic-check,no,dsl,288.8,0,Ontario,1
CUST-02799,18,46.26,1,one-year,credit-card,no,dsl,234.8,0,Ontario,0
CUST-02800,31,48.4,0,one-year,bank-transfer,yes,fiber,433.6,0,Ontario,0
CUST-02801,14,81.54,1,two-year,credit-card,yes,fiber,334.6,0,West,0
CUST-02802,72,49.93,0,month-to-month,credit-card,no,dsl,352.2,0,Ontario,1
CUST-02803,21,65.06,1,month-to-month,credit-card,yes,dsl,152.9,0,West,1
CUST-02804,68,44.71,4,one-year,credit-card,yes,dsl,157.5,0,West,0
CUST-02805,13,68.53,0,month-to-month,electronic-check,yes,fiber,443.2,0,West,0
CUST-02806,26,69.56,1,month-to-month,bank-transfer,yes,dsl,194.6,1,West,0
CUST-02807,23,43.12,1,month-to-month,credit-card,yes,dsl,238.9,2,Quebec,0
CUST-02808,8,55.22,1,one-year,electronic-check,yes,dsl,229.1,0,Quebec,1
CUST-02809,25,76.06,1,month-to-month,mailed-check,no,fiber,391.0,0,Ontario,1
CUST-02810,37,49.45,1,month-to-month,mailed-check,yes,dsl,192.2,0,West,1
CUST-02811,3,59.54,2,month-to-month,electronic-check,yes,dsl,236.2,0,Atlantic,0
CUST-02812,44,73.16,1,two-year,mailed-check,yes,fiber,383.7,1,Quebec,0
CUST-02813,39,62.61,0,one-year,bank-transfer,yes,dsl,313.0,1,Atlantic,0
CUST-02814,30,76.34,0,month-to-month,mailed-check,no,dsl,188.3,1,Atlantic,0
CUST-02815,51,85.09,1,month-to-month,mailed-check,no,dsl,325.9,2,Quebec,0
CUST-02816,53,61.86,2,month-to-month,credit-card,yes,dsl,71.7,0,West,0
CUST-02817,72,71.84,0,month-to-month,electronic-check,no,fiber,495.6,1,West,0
CUST-02818,8,77.63,2,one-year,electronic-check,yes,fiber,364.3,0,Ontario,0
CUST-02819,72,70.56,1,month-to-month,electronic-check,no,fiber,386.1,2,Ontario,1
CUST-02820,60,56.33,1,two-year,mailed-check,no,fiber,516.9,0,Quebec,0
CUST-02821,39,56.51,1,month-to-month,bank-transfer,no,dsl,170.6,0,West,0
CUST-02822,13,68.36,0,one-year,bank-transfer,yes,dsl,410.8,1,Ontario,1
CUST-02823,22,41.62,3,month-to-month,electronic-check,yes,dsl,234.0,0,West,0
CUST-02824,20,62.66,2,two-year,electronic-check,yes,fiber,380.9,0,West,0
CUST-02825,28,66.89,1,two-year,electronic-check,yes,fiber,484.2,1,West,0
CUST-02826,49,76.91,2,one-year,electronic-check,yes,fiber,419.8,1,Ontario,0
CUST-02827,72,81.96,0,month-to-month,electronic-check,yes,dsl,260.7,1,Quebec,0
CUST-02828,72,64.5,1,month-to-month,mailed-check,yes,fiber,414.8,2,Ontario,0
CUST-02829,22,57.96,4,two-year,credit-card,yes,dsl,224.6,0,Ontario,0
CUST-02830,34,57.06,0,one-year,mailed-check,yes,dsl,206.9,1,Ontario,0
CUST-02831,15,53.84,0,month-to-month,credit-card,no,dsl,196.7,2,Ontario,1
CUST-02832,62,72.5,1,month-to-month,bank-transfer,yes,fiber,528.6,0,Ontario,0
CUST-02833,41,68.12,0,month-to-month,credit-card,yes,fiber,286.7,0,Quebec,0
CUST-02834,26,85.8,1,two-year,bank-transfer,no,dsl,198.3,1,Quebec,0
CUST-02835,8,64.87,2,one-year,bank-transfer,yes,dsl,130.4,1,Ontario,0
CUST-02836,35,68.21,1,one-year,credit-card,yes,fiber,325.4,1,West,0
CUST-02837,38,69.43,0,one-year,electronic-check,no,dsl,118.8,0,Quebec,0
CUST-02838,5,59.7,0,month-to-month,electronic-check,yes,dsl,137.3,0,Atlantic,1
CUST-02839,10,73.61,2,month-to-month,credit-card,yes,fiber,420.0,0,Quebec,0
CUST-02840,34,71.09,1,month-to-month,electronic-check,no,fiber,468.7,0,Ontario,1
CUST-02841,72,70.37,2,one-year,credit-card,no,fiber,486.1,1,Atlantic,0
CUST-02842,66,60.19,1,month-to-month,credit-card,yes,fiber,405.2,0,West,0
CUST-02843,26,55.43,0,month-to-month,credit-card,yes,fiber,574.7,1,Quebec,1
CUST-02844,23,60.89,0,month-to-month,bank-transfer,no,dsl,158.4,0,Quebec,0
CUST-02845,17,70.98,0,month-to-month,electronic-check,yes,fiber,274.6,0,Quebec,1
CUST-02846,16,66.21,5,one-year,bank-transfer,yes,dsl,160.7,0,Quebec,0
CUST-02847,25,28.66,2,month-to-month,electronic-check,yes,none,16.0,0,West,1
CUST-02848,72,61.47,1,month-to-month,bank-transfer,yes,fiber,161.8,0,Quebec,0
CUST-02849,23,81.15,1,one-year,electronic-check,yes,fiber,542.6,0,Ontario,0
CUST-02850,30,53.9,0,month-to-month,mailed-check,no,dsl,181.6,2,Ontario,0
CUST-02851,11,46.99,2,month-to-month,bank-transfer,yes,none,0.0,0,Ontario,0
CUST-02852,46,57.35,0,month-to-month,credit-card,no,dsl,108.4,1,Ontario,0
CUST-02853,30,92.71,1,two-year,credit-card,no,fiber,504.7,2,Ontario,0
CUST-02854,22,80.94,2,month-to-month,bank-transfer,no,fiber,515.1,1,West,0
CUST-02855,13,77.3,0,one-year,bank-transfer,no,fiber,384.9,2,Ontario,0
CUST-02856,16,65.4,2,two-year,credit-card,yes,dsl,74.8,1,Ontario,0
CUST-02857,21,54.13,2,one-year,mailed-check,yes,dsl,201.1,1,Ontario,0
CUST-02858,22,39.75,2,month-to-month,mailed-check,yes,dsl,216.7,1,Quebec,0
CUST-02859,13,60.79,1,one-year,credit-card,yes,dsl,238.0,1,Quebec,0
CUST-02860,28,93.39,2,month-to-month,credit-card,yes,fiber,392.1,0,Quebec,0
CUST-02861,35,32.95,1,month-to-month,credit-card,no,dsl,179.6,0,Atlantic,1
CUST-02862,51,77.93,1,month-to-month,bank-transfer,no,fiber,441.7,0,Atlantic,0
CUST-02863,72,40.88,1,month-to-month,electronic-check,yes,dsl,272.2,2,West,0
CUST-02864,5,56.76,1,month-to-month,bank-transfer,yes,dsl,303.0,2,West,1
CUST-02865,39,57.83,2,month-to-month,credit-card,yes,dsl,326.1,0,Ontario,0
CUST-02866,24,80.84,3,month-to-month,bank-transfer,no,fiber,550.7,0,Quebec,1
CUST-02867,4,59.21,3,month-to-month,credit-card,no,dsl,344.1,1,Ontario,1
CUST-02868,18,71.42,1,month-to-month,bank-transfer,yes,dsl,276.1,0,West,0
CUST-02869,48,85.25,0,two-year,bank-transfer,yes,fiber,389.9,1,Ontario,1
CUST-02870,43,70.93,3,month-to-month,electronic-check,no,fiber,570.3,3,Ontario,1
CUST-02871,33,68.49,0,one-year,bank-transfer,yes,dsl,73.0,5,Ontario,1
CUST-02872,17,69.72,1,month-to-month,electronic-check,no,fiber,641.0,0,Quebec,0
CUST-02873,72,67.91,1,month-to-month,credit-card,yes,fiber,357.1,0,West,0
CUST-02874,12,60.35,0,month-to-month,electronic-check,yes,fiber,515.5,3,Ontario,1
CUST-02875,22,86.78,1,month-to-month,credit-card,yes,fiber,562.8,1,Quebec,0
CUST-02876,26,69.85,1,month-to-month,credit-card,no,fiber,479.0,0,Ontario,1
CUST-02877,28,31.57,0,month-to-month,electronic-check,yes,dsl,15.7,1,West,0
CUST-02878,72,78.69,1,month-to-month,electronic-check,no,fiber,359.4,2,Ontario,0
CUST-02879,72,52.44,1,month-to-month,credit-card,no,dsl,220.3,1,Ontario,0
CUST-02880,42,69.86,1,month-to-month,bank-transfer,no,fiber,494.0,2,Quebec,0
CUST-02881,30,70.54,0,month-to-month,electronic-check,no,fiber,424.8,1,Quebec,0
CUST-02882,30,69.47,0,month-to-month,mailed-check,no,fiber,446.3,0,West,0
CUST-02883,50,85.64,0,month-to-month,electronic-check,no,dsl,65.1,0,Quebec,0
CUST-02884,64,55.46,0,month-to-month,credit-card,yes,none,162.8,2,Atlantic,0
CUST-02885,11,80.34,0,month-to-month,bank-transfer,no,fiber,407.9,3,Ontario,0
CUST-02886,72,75.53,2,month-to-month,credit-card,no,fiber,507.0,0,Ontario,0
CUST-02887,41,84.85,0,month-to-month,credit-card,yes,fiber,559.3,0,Atlantic,0
CUST-02888,20,75.56,0,two-year,bank-transfer,yes,fiber,341.8,1,Ontario,0
CUST-02889,27,65.57,3,month-to-month,electronic-check,yes,dsl,200.9,0,West,1
CUST-02890,43,78.86,0,month-to-month,credit-card,no,fiber,463.6,1,Ontario,0
CUST-02891,44,39.35,1,month-to-month,electronic-check,no,none,0.0,2,Quebec,0
CUST-02892,13,66.87,0,two-year,electronic-check,yes,dsl,268.8,0,Ontario,0
CUST-02893,29,52.59,0,one-year,electronic-check,no,dsl,133.3,0,Quebec,0
CUST-02894,35,57.61,0,one-year,credit-card,yes,dsl,194.7,1,West,0
CUST-02895,65,62.72,3,two-year,bank-transfer,yes,fiber,408.5,0,Ontario,0
CUST-02896,70,47.93,3,month-to-month,credit-card,no,dsl,387.7,0,Ontario,0
CUST-02897,10,46.44,1,two-year,credit-card,no,fiber,383.7,1,Ontario,0
CUST-02898,31,61.79,4,month-to-month,credit-card,yes,dsl,253.3,1,Ontario,0
CUST-02899,19,64.68,1,one-year,credit-card,no,dsl,342.7,2,Ontario,0
CUST-02900,42,84.4,1,month-to-month,credit-card,no,fiber,361.9,0,Atlantic,0
CUST-02901,72,45.42,2,month-to-month,credit-card,no,dsl,198.1,0,Ontario,0
CUST-02902,60,77.62,1,two-year,mailed-check,no,fiber,356.2,0,Quebec,0
CUST-02903,44,72.99,1,month-to-month,electronic-check,yes,fiber,268.9,0,Quebec,0
CUST-02904,53,64.74,0,two-year,bank-transfer,yes,dsl,123.3,1,Ontario,0
CUST-02905,72,66.16,2,month-to-month,mailed-check,yes,fiber,391.5,0,Ontario,0
CUST-02906,56,53.47,1,one-year,credit-card,yes,dsl,146.6,3,West,0
CUST-02907,12,40.69,1,two-year,bank-transfer,yes,dsl,164.5,1,Quebec,0
CUST-02908,72,49.47,0,month-to-month,electronic-check,yes,dsl,190.5,1,West,0
CUST-02909,34,73.03,2,two-year,bank-transfer,yes,fiber,338.3,1,Ontario,0
CUST-02910,41,74.83,6,one-year,credit-card,yes,fiber,469.9,1,Quebec,0
CUST-02911,70,20.3,0,one-year,bank-transfer,yes,none,115.1,0,West,0
CUST-02912,72,67.63,4,month-to-month,bank-transfer,yes,fiber,553.1,1,West,1
CUST-02913,22,58.68,2,month-to-month,electronic-check,yes,dsl,167.9,0,Atlantic,0
CUST-02914,67,87.78,1,one-year,bank-transfer,yes,fiber,516.0,0,Ontario,0
CUST-02915,21,64.13,0,month-to-month,bank-transfer,yes,fiber,382.1,0,Atlantic,0
CUST-02916,38,62.15,1,month-to-month,credit-card,no,dsl,160.8,0,West,0
CUST-02917,9,51.1,2,month-to-month,bank-transfer,no,dsl,223.9,1,West,0
CUST-02918,21,52.32,0,two-year,credit-card,yes,dsl,161.5,4,West,0
CUST-02919,37,47.79,2,month-to-month,electronic-check,no,dsl,82.6,0,Atlantic,1
CUST-02920,46,62.03,2,one-year,electronic-check,no,fiber,510.8,1,Quebec,0
CUST-02921,44,68.01,2,two-year,bank-transfer,yes,fiber,369.6,0,West,0
CUST-02922,62,84.0,2,month-to-month,electronic-check,yes,fiber,395.8,1,West,1
CUST-02923,24,49.07,0,month-to-month,credit-card,yes,dsl,279.9,2,West,0
CUST-02924,29,63.44,1,one-year,bank-transfer,yes,fiber,485.7,0,West,0
CUST-02925,30,59.2,3,month-to-month,bank-transfer,no,dsl,205.0,0,Ontario,1
CUST-02926,25,73.05,1,one-year,bank-transfer,yes,fiber,315.1,0,Ontario,0
CUST-02927,15,56.28,1,one-year,electronic-check,no,dsl,91.1,0,Ontario,0
CUST-02928,34,59.67,2,one-year,mailed-check,yes,dsl,223.8,1,West,0
CUST-02929,55,46.4,0,month-to-month,bank-transfer,no,dsl,243.6,1,West,0
CUST-02930,40,63.56,1,one-year,bank-transfer,yes,fiber,461.5,0,West,0
CUST-02931,23,48.36,2,one-year,electronic-check,yes,none,0.0,0,West,0
CUST-02932,34,71.47,3,month-to-month,credit-card,yes,fiber,396.9,1,Quebec,0
CUST-02933,22,79.26,0,one-year,credit-card,yes,fiber,458.3,0,Ontario,1
CUST-02934,47,85.85,2,two-year,mailed-check,yes,fiber,333.6,1,Quebec,0
CUST-02935,56,81.88,4,one-year,electronic-check,no,fiber,447.8,0,West,1
CUST-02936,57,42.62,4,month-to-month,mailed-check,yes,dsl,72.0,0,West,0
CUST-02937,27,71.78,1,month-to-month,credit-card,yes,fiber,350.5,0,West,0
CUST-02938,22,83.93,3,month-to-month,credit-card,yes,fiber,455.1,1,Atlantic,0
CUST-02939,62,62.49,1,month-to-month,bank-transfer,yes,dsl,239.6,1,Ontario,0
CUST-02940,26,58.93,2,month-to-month,mailed-check,yes,dsl,219.1,0,West,0
CUST-02941,34,39.78,2,two-year,credit-card,yes,dsl,95.3,0,Quebec,0
CUST-02942,40,50.53,0,month-to-month,credit-card,no,dsl,31.0,1,Quebec,0
CUST-02943,32,73.73,1,two-year,credit-card,yes,fiber,439.3,2,Ontario,0
CUST-02944,52,42.03,0,month-to-month,electronic-check,no,dsl,28.6,1,Ontario,0
CUST-02945,10,81.33,1,month-to-month,electronic-check,yes,fiber,520.3,1,Ontario,1
CUST-02946,44,71.77,1,month-to-month,electronic-check,yes,fiber,348.1,2,Quebec,0
CUST-02947,17,52.21,1,month-to-month,credit-card,yes,fiber,629.9,0,Ontario,0
CUST-02948,24,51.05,1,one-year,electronic-check,yes,dsl,108.2,0,Quebec,0
CUST-02949,36,69.99,0,two-year,bank-transfer,yes,fiber,479.4,0,Quebec,0
CUST-02950,7,55.64,2,two-year,credit-card,yes,dsl,127.4,1,Quebec,0
CUST-02951,28,87.91,0,month-to-month,credit-card,yes,fiber,425.7,1,West,0
CUST-02952,25,79.07,1,one-year,bank-transfer,no,fiber,455.6,0,Quebec,1
CUST-02953,29,58.66,2,month-to-month,bank-transfer,no,fiber,513.1,0,Ontario,1
CUST-02954,24,57.36,0,two-year,mailed-check,yes,fiber,526.7,1,Atlantic,1
CUST-02955,34,70.2,1,month-to-month,bank-transfer,yes,fiber,501.8,3,West,1
CUST-02956,21,58.33,1,month-to-month,bank-transfer,yes,dsl,278.2,1,West,0
CUST-02957,31,67.42,3,month-to-month,electronic-check,yes,dsl,137.6,0,West,0
CUST-02958,36,91.16,2,month-to-month,electronic-check,yes,fiber,495.1,0,Ontario,1
CUST-02959,63,75.73,2,month-to-month,credit-card,yes,dsl,161.0,1,West,0
CUST-02960,72,68.36,2,two-year,electronic-check,no,fiber,523.8,0,Ontario,0
CUST-02961,10,82.81,0,one-year,credit-card,yes,fiber,449.8,1,Quebec,0
CUST-02962,66,77.47,1,two-year,bank-transfer,no,fiber,492.7,0,Ontario,0
CUST-02963,15,61.55,0,month-to-month,electronic-check,no,fiber,464.8,1,West,0
CUST-02964,31,53.18,2,one-year,bank-transfer,yes,fiber,504.6,0,Ontario,1
CUST-02965,8,58.51,2,month-to-month,bank-transfer,yes,dsl,121.3,1,Ontario,0
CUST-02966,4,57.3,1,month-to-month,credit-card,yes,fiber,306.4,2,Ontario,1
CUST-02967,72,48.06,0,month-to-month,bank-transfer,yes,dsl,274.1,0,West,0
CUST-02968,32,65.81,0,month-to-month,credit-card,yes,fiber,554.3,2,Ontario,0
CUST-02969,27,59.3,1,one-year,mailed-check,yes,dsl,180.1,1,Quebec,0
CUST-02970,39,70.45,0,month-to-month,bank-transfer,yes,dsl,258.9,0,Ontario,0
CUST-02971,27,73.13,3,month-to-month,electronic-check,yes,fiber,301.5,0,West,1
CUST-02972,56,67.34,2,one-year,bank-transfer,yes,fiber,387.2,0,Ontario,1
CUST-02973,38,35.28,1,month-to-month,electronic-check,no,dsl,197.0,0,Atlantic,0
CUST-02974,50,42.81,0,two-year,credit-card,no,none,0.0,4,Ontario,0
CUST-02975,17,38.3,1,month-to-month,credit-card,no,none,0.0,0,Ontario,0
CUST-02976,9,67.23,0,two-year,credit-card,yes,fiber,453.4,0,Ontario,0
CUST-02977,60,69.24,0,one-year,credit-card,yes,dsl,138.5,2,Ontario,0
CUST-02978,40,60.5,1,one-year,mailed-check,yes,fiber,410.5,1,Quebec,0
CUST-02979,12,65.81,1,one-year,electronic-check,no,fiber,405.5,0,Ontario,0
CUST-02980,12,54.43,0,two-year,electronic-check,yes,dsl,80.9,0,West,0
CUST-02981,35,67.1,1,one-year,bank-transfer,yes,fiber,421.5,1,Quebec,0
CUST-02982,47,62.78,0,month-to-month,bank-transfer,no,dsl,188.8,1,Ontario,0
CUST-02983,15,61.87,2,month-to-month,electronic-check,yes,dsl,140.5,2,Quebec,0
CUST-02984,72,84.04,1,one-year,electronic-check,no,fiber,397.4,2,Ontario,0
CUST-02985,51,62.27,1,month-to-month,bank-transfer,yes,dsl,172.7,0,Ontario,1
CUST-02986,63,71.79,0,month-to-month,electronic-check,yes,fiber,509.7,1,Ontario,0
CUST-02987,34,69.43,0,month-to-month,credit-card,no,fiber,432.0,0,Ontario,0
CUST-02988,32,77.78,1,month-to-month,mailed-check,yes,fiber,276.3,0,Ontario,1
CUST-02989,11,36.0,0,month-to-month,credit-card,yes,none,0.0,1,Atlantic,0
CUST-02990,17,73.5,1,one-year,bank-transfer,yes,fiber,519.2,1,West,0
CUST-02991,29,78.35,1,one-year,mailed-check,yes,fiber,381.7,0,Atlantic,0
CUST-02992,41,58.45,2,two-year,credit-card,yes,dsl,182.5,1,Ontario,0
CUST-02993,36,41.24,2,month-to-month,credit-card,yes,none,175.6,0,West,1
CUST-02994,5,48.7,1,month-to-month,bank-transfer,yes,dsl,243.7,0,Ontario,1
CUST-02995,14,71.17,1,one-year,bank-transfer,yes,dsl,7.4,0,Ontario,1
CUST-02996,38,61.38,0,month-to-month,mailed-check,yes,fiber,562.8,0,West,0
CUST-02997,42,61.61,1,one-year,electronic-check,yes,dsl,202.7,2,Ontario,0
CUST-02998,23,51.9,1,month-to-month,bank-transfer,no,dsl,221.4,0,Ontario,0
CUST-02999,49,68.36,1,two-year,mailed-check,yes,dsl,215.9,1,West,0
CUST-03000,48,66.28,4,month-to-month,electronic-check,yes,dsl,267.6,0,Quebec,1
